{
    "uvs":[[0.274494,0.483803,0.274494,0.850664,0.184039,0.832665,0.184033,0.495567,0.0916341,0.84318,0.0916341,0.483803,0.184033,0.495328,0.184033,0.845787,0.0916341,0.483803,0.0916341,0.850664,8.14033e-06,0.8389,0,0.501802,1,0.125509,0.882216,0.103638,0.882216,0.0218703,1,0,0.274494,0.990187,0.296169,0.871048,0.377209,0.871048,0.398884,0.990187,0.613345,0.260365,0.678442,0.260365,0.688078,0.268175,0.610546,0.268175,0.366156,0.483803,0.366156,0.84318,0.274494,0.845708,0.274494,0.495249,0.589239,0.971131,0.469711,0.939907,0.469711,0.456104,0.589239,0.424882,0.82809,0.959987,0.708271,0.929401,0.708271,0.455468,0.82809,0.424882,0.589239,0.424882,0.708271,0.456105,0.708271,0.939908,0.589239,0.971131,0.947714,0.455468,0.947714,0.929401,0.82809,0.959987,0.236236,0.976173,0.118173,0.954302,0.118173,0.872534,0.236236,0.850664,0.46971,0.483803,0,0.483803,0.0273165,0.455667,0.442394,0.455667,0.968082,0.852413,0.968082,0.424882,0.988436,0.426206,0.988436,0.851088,0.469711,1.59747e-08,0.442394,0.028136,4.74972e-08,0,0.0273165,0.0281361,0.469711,0,0.882216,0,0.854051,0.0290105,0.497876,0.0290104,0.968082,0.852413,0.947714,0.851088,0.947714,0.426206,0.442321,0.581191,0.442321,1,0.421976,0.998702,0.421976,0.582489,0.462676,0.581191,0.462676,1,0.442321,0.998702,0.442321,0.582489,0.118173,0.976173,7.9162e-09,0.954302,0,0.872535,0.118173,0.850664,0.882216,0.424882,0.469711,0.424882,0.497876,0.395871,0.854051,0.395871,0.146797,0.274085,0.146797,0.371473,0.126571,0.371473,0.126571,0.274085,0.678442,0.178597,0.613345,0.178597,0.610546,0.170787,0.688078,0.170787,0.698095,0.29424,0.617056,0.29424,0.609315,0.289305,0.705835,0.289305,0.316998,0.370548,0.220477,0.370548,0.232828,0.358087,0.304647,0.358087,0.176275,0.26765,0.0797543,0.26765,0.0797543,0.247245,0.176275,0.247245,0.100979,0.276054,0.100979,0.373442,0.0807048,0.373442,0.0807049,0.276054,0.19146,0.276979,0.19146,0.374367,0.171262,0.374367,0.171262,0.276979,0.375158,0.334365,0.375158,0.2619,0.384079,0.2619,0.384079,0.334365,0.220477,0.27316,0.232828,0.285621,0.316998,0.27316,0.304647,0.285621,0.915683,0.389856,0.915683,0.317391,0.987503,0.317391,0.987503,0.389856,0.354931,0.359288,0.354931,0.286822,0.363851,0.286822,0.363851,0.359288,0.398781,0.334739,0.398781,0.262274,0.407723,0.262274,0.407723,0.334739,0.372759,0.286822,0.372759,0.359288,0.363851,0.359288,0.363851,0.286822]],
    "vertices":[-7.96828,-0.0623637,7.99668,-1.22627,3.45487,5.45499,-5.02352,-0.03028,5.26924,5.0386,-0.03028,5.31001,5.07853,-0.0302805,-5.15094,-1.8766,-0.052056,4.79968,1.20511,3.45487,7.90501,1.21443,3.45487,5.46431,-1.23559,3.45487,7.89569,-1.8909,-0.0520559,8.54602,-4.98359,-0.0302805,-5.1917,1.86974,-0.052056,4.81398,1.85544,-0.0520559,8.56032,-8.18842,-0.124169,-7.74883,-7.25993,3.39995,-6.8323,8.1167,-0.124169,-7.68658,7.18123,3.39995,-6.77717,-8.2494,-0.124168,8.22365,-7.31393,3.39995,7.31424,8.05572,-0.124168,8.2859,7.12723,3.39995,7.36937,-6.42323,3.3468,-6.00639,6.33825,3.3468,-5.95767,6.29053,3.3468,6.54346,-6.47095,3.3468,6.49474,-6.38384,2.7345,-5.96751,6.29857,2.7345,-5.9191,6.25114,2.7345,6.50458,-6.43127,2.7345,6.45616,-5.52114,2.70861,-5.11593,5.42939,2.70861,-5.07413,5.38844,2.70861,5.653,-5.56209,2.70861,5.6112,-1.46961,3.62774,8.12793,-1.45851,3.62774,5.22097,1.44845,3.62774,5.23207,1.43735,3.62774,8.13903,-1.46961,4.24023,8.12793,-1.45851,4.24023,5.22097,1.44845,4.24023,5.23207,1.43735,4.24023,8.13903,-1.09623,4.24023,7.75739,-1.08797,4.24023,5.59435,1.07506,4.24023,5.60261,1.06681,4.24023,7.76564,-1.09623,3.9701,7.75739,-1.08797,3.9701,5.59435,1.07506,3.9701,5.60261,1.06681,3.9701,7.76564],
    "faces":[41,30,29,10,4,0,1,2,3,0,0,0,0,41,29,32,2,10,4,5,6,7,1,1,1,1,41,32,31,3,2,8,9,10,11,2,2,2,2,41,12,6,8,9,12,13,14,15,3,3,3,3,41,9,8,1,5,16,17,18,19,4,4,4,4,41,8,6,36,33,20,21,22,23,5,5,5,5,41,31,30,4,3,24,25,26,27,6,6,6,6,41,13,14,16,15,28,29,30,31,7,7,7,7,41,15,16,20,19,32,33,34,35,8,8,8,8,41,19,20,18,17,36,37,38,39,9,9,9,9,41,17,18,14,13,35,40,41,42,10,10,10,10,41,5,1,7,11,43,44,45,46,11,11,11,11,41,20,16,22,23,47,48,49,50,12,12,12,12,41,24,23,27,28,51,52,53,54,13,13,13,13,41,18,20,23,24,55,47,50,56,14,14,14,14,41,16,14,21,22,48,57,58,49,15,15,15,15,41,14,18,24,21,57,55,56,58,16,16,16,16,41,25,28,32,29,59,60,61,62,17,17,17,17,41,22,21,25,26,52,63,64,65,18,18,18,18,41,21,24,28,25,66,67,68,69,19,19,19,19,41,23,22,26,27,70,71,72,73,20,20,20,20,41,11,7,6,12,74,75,76,77,21,21,21,21,41,27,26,30,31,78,79,80,81,22,22,22,22,41,28,27,31,32,60,78,81,61,23,23,23,23,41,26,25,29,30,79,59,62,80,24,24,24,24,41,35,34,38,39,82,83,84,85,25,25,25,25,41,7,1,34,35,86,87,88,89,26,26,26,26,41,6,7,35,36,21,86,89,22,27,27,27,27,41,1,8,33,34,90,91,92,93,28,28,28,28,41,39,38,42,43,94,95,96,97,29,29,29,29,41,34,33,37,38,98,99,100,101,30,30,30,30,41,33,36,40,37,102,103,104,105,31,31,31,31,41,36,35,39,40,106,107,108,109,32,32,32,32,41,41,44,48,45,110,111,112,113,33,33,33,33,41,38,37,41,42,95,114,115,96,29,29,29,29,41,37,40,44,41,114,116,117,115,34,34,34,34,41,40,39,43,44,116,94,97,117,35,35,35,35,41,48,47,46,45,118,119,120,121,35,35,35,35,41,44,43,47,48,122,123,124,125,36,36,36,36,41,43,42,46,47,126,127,128,129,37,37,37,37,41,42,41,45,46,130,131,132,133,38,38,38,38],
    "metadata":{
        "type":"Geometry",
        "faces":41,
        "normals":39,
        "vertices":49,
        "uvs":1,
        "generator":"io_three",
        "version":3
    },
    "normals":[-0.00392797,-0.0279766,0.999601,0.981292,0.19249,0.00374607,0.00389904,0.124206,-0.992249,-0.00375294,0.183009,0.983104,-0.983104,0.183009,-0.00375299,-0.00227368,-0.803274,0.595605,-0.991874,0.127167,-0.00378646,0.00369546,0.250786,-0.968036,0.966757,0.25567,0.00369049,-0.00369543,0.250786,0.968036,-0.966757,0.25567,-0.0036906,0.00375294,0.183009,-0.983104,-0.0631572,0.998004,-0.000241135,0.00380985,0.0631273,-0.997998,0.0002461,0.99792,-0.0644671,-0.000246102,0.99792,0.064467,0.0631571,0.998004,0.000241068,0.0298812,0.999554,0.00011403,-0.00380992,0.0631273,0.997998,0.997914,0.0644362,0.00380956,-0.997914,0.064437,-0.00380952,0.983104,0.183009,0.003753,-0.0298812,0.999554,-0.000114112,0.000116445,0.999535,-0.0305029,-0.000116447,0.999535,0.0305029,0.00381734,0,-0.999993,0.00227368,-0.803274,-0.595605,0.595604,-0.803275,0.00227373,-0.595605,-0.803274,-0.00227373,0,1,0,-0.999993,0,-0.00381751,-0.00381734,0,0.999993,0.999993,0,0.00381751,0.0038177,0,-0.999993,0,1,-0,-0,1,0,-0.999993,0,-0.0038177,-0.00381726,0,0.999993,0.999993,0,0.00381759]
}