{
    "metadata":{
        "version":3,
        "type":"Geometry",
        "faces":163,
        "normals":163,
        "generator":"io_three",
        "vertices":112,
        "uvs":0
    },
    "vertices":[-7.78355,3.4146e-07,7.81169,7.70229,3.34474e-07,7.65187,-7.2111,3.47151e-07,7.94188,-7.2111,-3.42083e-07,-7.82594,-5.19296,3.48435e-07,7.97127,-6.23363,-3.4393e-07,-7.8682,-3.50844,3.4017e-07,7.78219,-5.00591,-3.42925e-07,-7.8452,7.09143,3.48898e-07,7.98186,7.09143,-3.45547e-07,-7.9052,5.81966,-3.42083e-07,-7.82594,5.81966,3.49925e-07,8.00536,4.5343,-3.37457e-07,-7.72012,4.15995,3.43677e-07,7.86242,-7.89505,-3.08201e-07,-7.05082,7.96236,-3.08201e-07,-7.05082,-7.06467,0.507582,-6.86807,-5.93647,0.93806,-7.05082,-4.2087,0.885146,-7.05082,7.09143,0.780863,-7.13008,5.63384,1.24893,-7.01082,3.99982,0.930621,-6.93157,-7.85416,-2.55236e-07,-5.83912,7.95001,-2.4799e-07,-5.67334,-7.13202,0.83824,-5.83912,-5.81838,0.682125,-5.49606,-5.00591,0.682125,-6.3759,7.45521,1.2535,-5.83912,5.96939,0.780863,-5.48544,4.87897,0.780863,-5.83912,-7.85416,-2.60967e-08,-0.597023,7.81579,-1.9648e-07,-4.49495,-7.30983,0.962073,-1.94281,-5.99608,0.712203,-3.08509,-4.83661,-0.00747109,-4.89242,6.94401,1.0601,-1.32351,6.4994,0.780863,-4.04453,5.29075,0.00590914,-4.09996,-8.00351,3.05647e-07,6.99239,7.89792,3.05647e-07,6.99239,-6.94396,0.62397,7.29082,-5.93647,0.780864,7.16153,-5.00591,0.916264,6.99239,7.09143,0.77516,6.99239,5.81966,0.96628,7.25238,3.52762,1.19744,6.99239,7.97907,2.51318e-07,5.7495,-7.26805,0.97321,5.7495,-5.81095,0.780864,5.91863,-4.64057,0.780864,5.91695,7.17436,0.961919,5.7495,5.81966,0.822937,5.26128,4.52762,0.788702,5.82295,-7.90167,2.51318e-07,5.7495,7.80963,1.13984e-07,2.60765,-6.86606,1.25406,1.78154,-6.05449,0.895065,4.4794,-5.00095,0.0226991,4.76899,7.1801,0.941089,0.400868,6.31067,0.437757,1.6801,5.02666,-0.0143156,4.45675,-7.89505,7.77887e-08,1.7796,-0.751762,-3.33742e-07,-7.63512,-0.95168,3.367e-07,7.7028,-0.315878,1.03817,-6.86001,-0.751762,0.848092,-6.13383,-0.751762,-0.00477649,-5.64367,-0.669944,0.00322534,7.08504,-0.751762,0.00322529,5.9814,-1.12967,0.0111292,5.2983,-0.965102,-3.33742e-07,-7.63512,-2.20411,0.674805,-7.03724,-2.20411,0.780863,-6.07646,-2.82108,-0.00899707,-5.49084,-1.29846,1.09304,7.06658,-1.27513,0.886964,6.19429,-2.38326,0.00467643,5.17995,-1.95455,3.5505e-07,8.12259,0.947368,3.43157e-07,7.85051,1.06923,-3.42083e-07,-7.82594,1.06923,1.13675,-7.05082,1.06923,0.780863,-6.30392,1.06923,0.00994822,-5.47172,0.664426,0.0455185,7.08504,0.709675,0.0455184,5.7495,1.2045,0.0411435,5.33918,2.35439,3.47865e-07,7.95822,2.19493,-3.43229e-07,-7.85216,2.50361,0.994031,-7.05082,2.50361,0.638142,-6.31111,2.58564,0.00568448,-5.46076,1.14366,1.20717,7.0882,1.07131,0.924898,6.33736,2.35241,-0.00303806,4.93564,-5.25343,0.00363224,-1.3368,5.57651,-0.00600702,1.52168,-5.37885,0.672774,1.78642,-6.16868,0.831595,0.628484,5.84839,0.186312,-1.68536,5.37385,0.000430591,-1.46532,6.33261,0.693426,-1.30057,2.68602,0.842825,5.84426,4.00308,-0.00885722,4.85718,6.67022,0.697801,3.83144,5.77689,0.133264,3.55031,6.14146,0.546513,3.62365,5.45987,-0.010716,3.18517,7.41794,1.1263,-3.96177,7.27891,0.951162,3.01516,7.8906,-3.09189e-08,-0.707342,7.64828,0.421738,-1.60479,7.54145,0.73703,-2.81155],
    "uvs":[],
    "faces":[32,10,20,9,0,0,0,32,14,16,3,1,1,1,32,16,17,5,2,2,2,32,18,7,5,3,3,3,32,20,19,9,4,4,4,32,20,10,12,5,5,5,32,21,12,87,6,6,6,32,27,23,15,7,7,7,32,22,24,16,8,8,8,32,24,25,17,9,9,9,32,26,18,17,10,10,10,32,27,19,20,11,11,11,32,29,28,20,12,12,12,32,89,29,21,13,13,13,32,31,23,27,14,14,14,32,32,24,22,15,15,15,32,33,25,24,16,16,16,32,34,26,25,17,17,17,32,36,35,107,18,18,18,32,37,36,28,19,19,19,32,90,37,29,20,20,20,32,58,54,109,21,21,21,32,55,32,30,22,22,22,32,55,97,33,23,23,23,32,57,94,96,24,24,24,32,59,58,35,25,25,25,32,59,100,98,26,26,26,32,52,51,60,27,27,27,32,1,39,43,28,28,28,32,0,2,40,29,29,29,32,4,41,40,30,30,30,32,4,6,42,31,31,31,32,8,43,44,32,32,32,32,13,11,44,33,33,33,32,86,13,45,34,34,34,32,39,46,50,35,35,35,32,40,47,53,36,36,36,32,40,41,48,37,37,37,32,42,49,48,38,38,38,32,43,50,51,39,39,39,32,44,51,52,40,40,40,32,45,101,92,41,41,41,32,50,46,54,42,42,42,32,53,47,55,43,43,43,32,47,48,56,44,44,44,32,48,49,57,45,45,45,32,51,50,103,46,46,46,32,51,105,60,47,47,47,32,52,102,93,48,48,48,33,71,64,62,70,49,49,49,49,32,65,64,71,50,50,50,32,66,65,72,51,51,51,32,33,34,25,52,52,52,32,63,67,74,53,53,53,33,74,67,68,75,54,54,54,54,32,75,68,69,55,55,55,32,71,70,7,56,56,56,32,72,71,18,57,57,57,32,73,72,26,58,58,58,32,56,57,96,59,59,59,32,6,77,74,60,60,60,32,74,75,49,61,61,61,32,49,75,76,62,62,62,32,64,80,79,63,63,63,32,81,80,64,64,64,64,32,66,82,81,65,65,65,32,56,48,57,66,66,66,32,80,88,87,67,67,67,32,81,89,88,68,68,68,32,90,89,81,69,69,69,32,78,86,91,70,70,70,33,83,91,92,84,71,71,71,71,32,92,93,85,72,72,72,32,77,63,74,73,73,73,32,83,78,91,74,74,74,32,8,1,43,75,75,75,32,38,0,40,76,76,76,32,34,73,26,77,77,77,32,32,55,33,78,78,78,32,55,47,56,79,79,79,32,47,40,48,80,80,80,32,42,74,49,81,81,81,32,42,6,74,82,82,82,32,91,86,45,83,83,83,32,45,44,52,84,84,84,32,84,92,85,85,85,85,32,76,75,69,86,86,86,32,60,104,106,87,87,87,32,35,111,107,88,88,88,32,19,27,15,89,89,89,32,28,27,20,90,90,90,32,35,110,111,91,91,91,32,58,108,54,92,92,92,32,43,39,50,93,93,93,32,44,43,51,94,94,94,32,92,101,93,95,95,95,32,91,45,92,96,96,96,32,57,49,76,97,97,97,32,32,33,24,98,98,98,32,16,24,17,99,99,99,32,3,16,5,100,100,100,32,17,18,5,101,101,101,32,26,72,18,102,102,102,32,18,71,7,103,103,103,32,62,64,79,104,104,104,32,88,21,87,105,105,105,32,79,80,87,106,106,106,32,21,20,12,107,107,107,32,21,29,20,108,108,108,32,88,89,21,109,109,109,32,14,22,16,110,110,110,32,30,32,22,111,111,111,32,61,55,30,112,112,112,32,61,53,55,113,113,113,32,38,40,53,114,114,114,32,2,4,40,115,115,115,32,41,4,42,116,116,116,32,41,42,48,117,117,117,32,45,13,44,118,118,118,32,11,8,44,119,119,119,32,59,105,58,120,120,120,32,36,100,35,121,121,121,32,28,36,27,122,122,122,32,29,37,28,123,123,123,32,89,90,29,124,124,124,32,82,90,81,125,125,125,32,65,66,81,126,126,126,32,73,66,72,127,127,127,32,25,26,17,128,128,128,32,65,81,64,129,129,129,32,80,81,88,130,130,130,32,72,65,71,131,131,131,32,9,19,15,132,132,132,32,58,105,103,133,133,133,32,33,94,34,134,134,134,32,95,98,99,135,135,135,32,97,96,33,136,136,136,32,97,55,56,137,137,137,32,96,94,33,138,138,138,32,96,97,56,139,139,139,32,35,100,59,140,140,140,32,98,100,36,141,141,141,32,99,98,37,142,142,142,32,36,37,98,143,143,143,32,98,95,59,144,144,144,32,93,101,52,145,145,145,32,101,45,52,146,146,146,32,102,52,60,147,147,147,32,103,105,51,148,148,148,32,103,50,108,149,149,149,32,106,59,95,150,150,150,32,104,105,59,151,151,151,32,60,105,104,152,152,152,32,59,106,104,153,153,153,32,108,58,103,154,154,154,32,54,108,50,155,155,155,32,107,27,36,156,156,156,32,107,31,27,157,157,157,32,110,35,58,158,158,158,32,109,31,110,159,159,159,32,110,58,109,160,160,160,32,111,110,31,161,161,161,32,107,111,31,162,162,162],