{
    "normals":[-0.711951,-0.702229,0,-1,-0,0,0,0.221719,0.975111,0,-0.702228,0.711952,0,0.221718,-0.975111,0,-0.702229,-0.711951,0.711951,-0.702229,0,0.975111,0.221719,-8.03976e-09,0,-0,-1,0,-0,1,0,1,0,1,-0,0,-0.975111,0.221718,0,0,0,-1,-0,1,0,0,1,-0,-1,0,0,0.998607,0.052769,0,0,1,0,0,1,-0,0.150074,-0.988675,0,0,0.0527691,0.998607,-0.998607,0.0527689,0,0,0.0527689,-0.998607,0,0.792103,-0.610387,0,-0.988675,0.150074,-0.150074,-0.988675,0,0,-0.988675,-0.150074,0.610387,0.792103,0,0,0.792103,0.610387,-0.610387,0.792103,0],
    "vertices":[1.98382,3.88297,2.02284,1.98382,3.88297,-1.97485,-2.01388,3.88297,-1.97485,-2.01388,3.88297,2.02284,1.98382,3.22282,-1.97485,-2.01388,3.22282,-1.97485,-2.01388,3.22282,2.02284,1.98382,3.22282,2.02284,-1.92583,3.67682,-1.7608,-2.15006,3.2327,-0.219492,1.87485,3.11234,-1.86588,2.60397,-0.0943113,-2.59501,1.87485,3.11234,1.91387,2.60397,-0.0943111,2.643,-0.143087,3.2327,2.02441,-0.151915,3.67682,2.02441,1.75325,3.25819,-1.77344,1.31512,3.25819,-1.30221,-1.91606,3.25819,-0.181034,-0.0131951,3.25819,1.7661,1.75801,3.25819,1.77481,-1.90491,3.11234,-1.86588,-2.63403,-0.0943113,-2.59501,-1.90491,3.11234,1.91387,-2.63403,-0.0943111,2.643,1.70145,3.88297,1.74047,-1.73151,3.88297,1.74047,-1.73151,3.88297,-1.69248,1.70145,3.88297,-1.69248,1.70145,3.28221,1.74047,-1.73151,3.28221,1.74047,-1.73151,3.28221,-1.69248,1.70145,3.28221,-1.69248,1.10549,3.28221,1.14452,-1.13555,3.28221,1.14452,-1.13555,3.28221,-1.09653,1.10549,3.28221,-1.09653,1.0443,4.44026,1.08332,-1.07436,4.44026,1.08332,-1.07436,4.44026,-1.03533,1.0443,4.44026,-1.03533,1.80257,4.32516,1.84159,-1.83263,4.32516,1.84159,-1.83263,4.32516,-1.7936,1.80257,4.32516,-1.7936,-0.0150304,5.72578,0.0239947,-0.0150304,5.72578,0.0239947],
    "uvs":[[0.521824,0.656176,0.789956,0.656176,0.797686,0.664011,0.514094,0.664011,0.844405,0.376592,0.844405,0.664011,0.797686,0.664011,0.797686,0.376592,0.461002,0.376592,0.230501,0.324171,0.230501,0.0524211,0.461002,0,0.789956,0.384426,0.797686,0.376592,0.230501,0.753184,0,0.700763,0,0.429013,0.230501,0.376592,0.521823,0.384426,0.514093,0.376592,0.691502,0.376592,0.461002,0.324171,0.461002,0.0524211,0.691502,0,0.891124,0.664011,0.891124,0.376592,0.937843,0.376592,0.937843,0.664011,0.792974,0.664011,0.792974,0.951429,0.746255,0.951429,0.746255,0.664011,0.514093,0.664011,0.230501,0.664011,0.250532,0.643709,0.494062,0.643709,0.844405,0.664011,0.844405,0.376592,0.230501,0.376592,4.42817e-08,0.324171,0,0.0524211,0.230501,0,0.957484,0.910827,0.957484,0.664011,1,0.664011,1,0.910827,0.230501,0.376592,0.514093,0.376592,0.494062,0.396893,0.250532,0.396893,0.691502,0.246816,0.691502,2.24396e-08,0.733779,0.0428467,0.733779,0.203969,0.164509,1,0.164509,0.753184,0.207026,0.753184,0.207026,1,0.980359,0.376592,0.980359,0.623408,0.937843,0.623408,0.937843,0.376592,0.935033,0.246816,0.935033,0,0.977549,0,0.977549,0.246816,0.164509,0.753184,0.164509,0.914307,0.0822547,0.909907,0.0822547,0.757584,0.935033,0.246816,0.892757,0.203969,0.935033,0,0.892757,0.0428467,0.542169,0.870851,0.692465,0.870851,0.746255,0.925367,0.488378,0.925367,0.0822547,0.753184,0.0822547,0.914307,0,0.909907,0,0.757584,0.875229,0.664011,0.875229,0.825133,0.792974,0.820734,0.792974,0.66841,0.957484,0.825133,0.875229,0.820734,0.875229,0.66841,0.488378,0.664011,0.488378,0.925367,0.359439,0.794689,0.542169,0.718527,0.488378,0.664011,0.692465,0.718527,0.746255,0.664011,0.230501,0.664011,0.230501,0.925367]],
    "metadata":{
        "vertices":47,
        "uvs":1,
        "normals":31,
        "generator":"io_three",
        "type":"Geometry",
        "version":3,
        "faces":36
    },
    "faces":[41,21,23,6,5,0,1,2,3,0,0,0,0,41,5,6,3,2,4,5,6,7,1,1,1,1,41,13,12,23,24,8,9,10,11,2,2,2,2,41,23,12,7,6,1,12,13,2,3,3,3,3,41,22,21,10,11,14,15,16,17,4,4,4,4,41,10,21,5,4,18,0,3,19,5,5,5,5,41,12,10,4,7,12,18,19,13,6,6,6,6,41,11,10,12,13,20,21,22,23,7,7,7,7,41,4,5,2,1,24,25,26,27,8,8,8,8,41,0,3,6,7,30,31,28,29,9,9,9,9,41,2,3,26,27,32,33,34,35,10,10,10,10,41,1,0,7,4,36,37,25,24,11,11,11,11,41,24,23,21,22,38,39,40,41,12,12,12,12,41,26,25,29,30,42,43,44,45,13,13,13,13,41,0,1,28,25,46,47,48,49,14,14,14,14,41,3,0,25,26,33,46,49,34,15,15,15,15,41,1,2,27,28,47,32,35,48,10,10,10,10,41,31,30,34,35,50,51,52,53,10,10,10,10,41,27,26,30,31,54,55,56,57,11,11,11,11,41,28,27,31,32,58,59,60,61,9,9,9,9,41,25,28,32,29,62,63,64,65,16,16,16,16,41,33,36,40,37,66,67,68,69,17,17,17,17,41,32,31,35,36,70,50,53,71,18,18,18,18,41,29,32,36,33,72,70,71,73,14,14,14,14,41,30,29,33,34,51,72,73,52,19,19,19,19,41,39,38,42,43,74,75,76,77,20,20,20,20,41,34,33,37,38,78,79,80,81,21,21,21,21,41,35,34,38,39,82,83,84,85,22,22,22,22,41,36,35,39,40,43,86,87,88,23,23,23,23,41,44,43,45,46,89,90,91,91,24,24,24,24,41,40,39,43,44,92,74,77,93,25,25,25,25,41,37,40,44,41,94,92,93,95,26,26,26,26,41,38,37,41,42,75,94,95,76,27,27,27,27,41,41,44,46,45,96,89,91,91,28,28,28,28,41,42,41,45,46,97,96,91,91,29,29,29,29,41,43,42,46,45,90,97,91,91,30,30,30,30]
}