{
    "vertices":[-7.96828,-0.0623637,7.99668,-1.22627,3.45487,5.45499,-5.54748,-0.03028,5.8097,6.23907,-0.03028,5.8547,6.28314,-0.0302805,-5.6914,-1.8766,-0.052056,4.79968,1.20511,3.45487,7.90501,1.21443,3.45487,5.46431,-1.23559,3.45487,7.89569,-1.8909,-0.0520559,8.54602,-5.50341,-0.0302805,-5.73639,1.86974,-0.052056,4.81398,1.85544,-0.0520559,8.56032,-8.18842,-0.124169,-7.74883,-7.25993,3.39995,-6.8323,8.1167,-0.124169,-7.68658,7.18123,3.39995,-6.77717,-8.2494,-0.124168,8.22365,-7.31393,3.39995,7.31424,8.05572,-0.124168,8.2859,7.12723,3.39995,7.36937,-6.68668,3.35949,-6.26645,6.60368,3.35949,-6.21571,6.55398,3.35949,6.80352,-6.73638,3.35949,6.75278,-6.64566,2.72181,-6.22596,6.56235,2.72181,-6.17553,6.51296,2.72181,6.76302,-6.69506,2.72181,6.7126,-5.52114,2.70861,-5.11593,5.42939,2.70861,-5.07413,5.38844,2.70861,5.653,-5.56209,2.70861,5.6112,-1.46961,3.62774,8.12793,-1.45851,3.62774,5.22097,1.44845,3.62774,5.23207,1.43735,3.62774,8.13903,-1.46961,4.24023,8.12793,-1.45851,4.24023,5.22097,1.44845,4.24023,5.23207,1.43735,4.24023,8.13903,-1.09623,4.24023,7.75739,-1.08797,4.24023,5.59435,1.07506,4.24023,5.60261,1.06681,4.24023,7.76564,-1.09623,3.9701,7.75739,-1.08797,3.9701,5.59435,1.07506,3.9701,5.60261,1.06681,3.9701,7.76564],
    "normals":[-0.00372311,-0.22096,0.975276,0.999977,0.00560975,0.00381742,0.00380748,-0.0722663,-0.997378,-0.00375294,0.183009,0.983104,-0.983104,0.183009,-0.00375299,-0.00227368,-0.803274,0.595605,-0.95492,-0.296842,-0.00364538,0.00369546,0.250786,-0.968036,0.966757,0.25567,0.00369049,-0.00369543,0.250786,0.968036,-0.966757,0.25567,-0.0036906,0.00375294,0.183009,-0.983104,-0.0701439,0.997537,-0.000267806,0.00380984,0.063128,-0.997998,0.000273319,0.997434,-0.0715974,-0.000273321,0.997434,0.0715972,0.0701438,0.997537,0.000267738,0.0116929,0.999932,4.45971e-05,-0.00380988,0.0631272,0.997998,0.997915,0.064436,0.00380952,-0.997914,0.0644375,-0.00380953,0.983104,0.183009,0.003753,-0.0116929,0.999932,-4.46777e-05,4.55668e-05,0.999929,-0.0119363,-4.55674e-05,0.999929,0.0119363,0.00381734,0,-0.999993,0.00227368,-0.803274,-0.595605,0.595604,-0.803275,0.00227373,-0.595605,-0.803274,-0.00227373,0,1,0,-0.999993,0,-0.00381751,-0.00381734,0,0.999993,0.999993,0,0.00381751,0.0038177,0,-0.999993,0,1,-0,-0,1,0,-0.999993,0,-0.0038177,-0.00381726,0,0.999993,0.999993,0,0.00381759],
    "metadata":{
        "vertices":49,
        "version":3,
        "normals":39,
        "generator":"io_three",
        "type":"Geometry",
        "faces":41
    },
    "faces":[33,30,29,10,4,0,0,0,0,33,29,32,2,10,1,1,1,1,33,32,31,3,2,2,2,2,2,33,12,6,8,9,3,3,3,3,33,9,8,1,5,4,4,4,4,33,8,6,36,33,5,5,5,5,33,31,30,4,3,6,6,6,6,33,13,14,16,15,7,7,7,7,33,15,16,20,19,8,8,8,8,33,19,20,18,17,9,9,9,9,33,17,18,14,13,10,10,10,10,33,5,1,7,11,11,11,11,11,33,20,16,22,23,12,12,12,12,33,24,23,27,28,13,13,13,13,33,18,20,23,24,14,14,14,14,33,16,14,21,22,15,15,15,15,33,14,18,24,21,16,16,16,16,33,25,28,32,29,17,17,17,17,33,22,21,25,26,18,18,18,18,33,21,24,28,25,19,19,19,19,33,23,22,26,27,20,20,20,20,33,11,7,6,12,21,21,21,21,33,27,26,30,31,22,22,22,22,33,28,27,31,32,23,23,23,23,33,26,25,29,30,24,24,24,24,33,35,34,38,39,25,25,25,25,33,7,1,34,35,26,26,26,26,33,6,7,35,36,27,27,27,27,33,1,8,33,34,28,28,28,28,33,39,38,42,43,29,29,29,29,33,34,33,37,38,30,30,30,30,33,33,36,40,37,31,31,31,31,33,36,35,39,40,32,32,32,32,33,41,44,48,45,33,33,33,33,33,38,37,41,42,29,29,29,29,33,37,40,44,41,34,34,34,34,33,40,39,43,44,35,35,35,35,33,48,47,46,45,35,35,35,35,33,44,43,47,48,36,36,36,36,33,43,42,46,47,37,37,37,37,33,42,41,45,46,38,38,38,38]
}