{
    "faces":[41,4,5,7,6,0,1,2,3,0,0,0,0,41,6,7,11,10,4,5,6,7,1,1,1,1,41,10,11,9,8,8,9,10,11,2,2,2,2,41,8,9,5,4,12,13,14,15,3,3,3,3,41,9,11,14,15,16,17,18,19,4,4,4,4,41,15,14,18,19,20,21,22,23,5,5,5,5,41,7,5,12,13,24,25,26,27,6,6,6,6,41,5,9,15,12,25,16,19,26,7,7,7,7,41,11,7,13,14,17,24,27,18,8,8,8,8,41,16,19,23,20,28,29,30,31,9,9,9,9,41,13,12,16,17,23,32,33,34,10,10,10,10,41,12,15,19,16,35,36,37,38,11,11,11,11,41,14,13,17,18,39,40,41,37,12,12,12,12,41,23,22,26,27,42,32,43,44,13,13,13,13,41,18,17,21,22,45,46,47,48,14,14,14,14,41,19,18,22,23,29,45,48,30,15,15,15,15,41,17,16,20,21,46,28,31,47,14,14,14,14,41,26,25,24,27,49,50,36,51,14,14,14,14,41,21,20,24,25,52,29,53,54,16,16,16,16,41,20,23,27,24,55,56,57,58,17,17,17,17,41,22,21,25,26,59,60,61,33,18,18,18,18],
    "vertices":[-1.4668,-0.935227,-0.984642,0.326583,4.61927,0.808744,0.289276,5.10988,-0.239881,-0.036871,3.89906,0.42917,-1.45116,-0.00101187,1.44396,-1.00537,4.08044,0.998173,-1.45116,-0.001012,-1.40334,-1.00537,4.08044,-0.957555,1.39615,-0.00101187,1.44396,0.950358,4.08044,0.998173,1.39615,-0.001012,-1.40334,0.950358,4.08044,-0.957555,-1.18699,4.08044,1.1798,-1.18699,4.08044,-1.13918,1.13198,4.08044,-1.13918,1.13198,4.08044,1.1798,-1.18699,4.71398,1.1798,-1.18699,4.71398,-1.13918,1.13198,4.71398,-1.13918,1.13198,4.71398,1.1798,-0.804652,4.71398,0.797455,-0.804652,4.71398,-0.756836,0.74964,4.71398,-0.756836,0.74964,4.71398,0.797455,-0.804652,4.09539,0.797455,-0.804652,4.09539,-0.756836,0.74964,4.09539,-0.756836,0.74964,4.09539,0.797455],
    "metadata":{
        "faces":21,
        "vertices":28,
        "version":3,
        "normals":19,
        "uvs":1,
        "type":"Geometry",
        "generator":"io_three"
    },
    "uvs":[[0.329863,0.481122,0.381508,0,0.608081,0,0.659727,0.481122,0.329863,0.962244,0.381508,0.481122,0.608081,0.481122,0.659727,0.962243,0,0.962244,0.0516449,0.481122,0.278218,0.481122,0.329863,0.962244,0,0.481122,0.0516451,0,0.278218,0,0.329863,0.481122,0.907341,0.523583,0.907341,0.2938,0.928382,0.272461,0.928382,0.544922,0.986489,0.544922,0.986489,0.817383,0.913141,0.817383,0.913141,0.544922,0.680768,0.2938,0.680768,0.523583,0.659727,0.544922,0.659727,0.272461,0.659727,2.80123e-08,0.928382,0,0.884087,0.044922,0.704021,0.044922,0.913141,0.817383,0.839793,0.817383,0.839793,0.544922,0.659727,1,0.659727,0.727539,0.733075,0.727539,0.733075,1,0.806422,0.727539,0.806422,1,0.733075,1,0.913141,1,0.984759,0.817383,0.984759,1,0.928382,0.272461,0.659727,0.272461,0.704021,0.227539,0.884088,0.227539,0.839793,0.544922,0.839793,0.727539,0.659727,0.544922,0.928382,0.182617,1,0,1,0.182617,1,0.182617,1,0.365234,0.928382,0.365234,0.928382,0.182617,0.911411,0.817383,0.911411,1,0.839793,1]],
    "normals":[-0.994088,0.108577,0,0,0.108577,-0.994088,0.994088,0.108577,0,0,0.108577,0.994088,-0,-1,0,1,0,0,0,-1,0,0,-1,-0,0,-1,0,0,1,-0,-1,-0,0,0,1.88164e-07,1,0,-1.88164e-07,-1,-1,0,0,0,1,0,-0,1,0,1,-0,0,0,0,-1,0,-0,1]
}