{

		"metadata": {
			"formatVersion" : 3.1,
			"generatedBy"   : "Blender 2.7 Exporter",
			"vertices"      : 28,
			"faces"         : 19,
			"normals"       : 26,
			"colors"        : 0,
			"uvs"           : [],
			"materials"     : 1,
			"morphTargets"  : 0,
			"bones"         : 0
		},

			"scale" : 1.000000,
			
			"vertices" : [0.000427246,20.68,0.283425,0.000427246,-0.0397224,0.283424,0.583604,-0.0397224,0.283424,0.583604,25.4548,0.283424,0.208218,25.5539,0.283424,0.000427723,20.68,-0.289631,0.000427723,-0.0397224,-0.289632,0.583605,-0.0397224,-0.289632,0.583605,25.4548,-0.289631,0.208218,25.5539,-0.289631,4.24033,17.6738,0.000502192,2.84332,14.1259,0.00050228,5.88108,16.5059,1.19368,0.510418,17.626,0.00092527,0.510418,14.0781,0.00092537,0.53721,18.9169,-9.47876e-07,0.53721,24.5386,-9.51625e-07,4.46479,19.0027,-0.59133,5.70386,19.5477,0.188518,5.37295,24.5386,-0.59133,15.0121,20.441,-8.81977e-07,6.63105,24.5305,0.188517,19.7561,21.7707,0.793518,20.1552,23.0688,-9.36349e-07,13.5129,24.5574,0.763553,12.0298,24.4277,0.188518,10.6005,19.7056,0.188518,11.5227,20.3284,0.763553],
			"faces"    : [34,0,3,4,0,0,1,2,34,1,2,3,0,3,4,1,34,0,1,3,0,0,3,1,35,3,8,9,4,0,1,5,6,2,35,1,6,7,2,0,3,7,8,4,34,6,8,7,0,7,5,8,34,5,9,8,0,9,6,5,34,6,5,8,0,7,9,5,35,2,7,8,3,0,4,8,5,1,35,1,0,5,6,0,3,0,9,7,35,0,4,9,5,0,0,2,6,9,34,11,10,12,0,10,11,12,34,23,20,22,0,13,14,15,35,14,13,10,11,0,16,16,11,10,35,16,15,17,19,0,17,17,18,19,35,19,17,18,21,0,19,18,20,21,35,21,18,26,25,0,21,20,22,23,35,25,26,27,24,0,23,22,24,25,35,24,27,20,23,0,25,24,14,13],
			"uvs"      : [],
			"normals"  : [-0.711661,0.015137,0.702322,0.638417,0.491684,0.592151,-0.488662,0.663228,0.566851,-0.577349,-0.577349,0.577349,0.577349,-0.577349,0.577349,0.638417,0.491684,-0.592151,-0.488662,0.663228,-0.566851,-0.577349,-0.577349,-0.577349,0.577349,-0.577349,-0.577349,-0.711661,0.015137,-0.702322,0.116733,-0.045991,-0.992065,0.269387,-0.106082,-0.957152,0.484787,-0.190893,-0.853511,-0.11832,0.287942,0.950285,0.09595,-0.076113,0.992462,-0.287301,0.562304,0.775414,-0.000122,0,-1,0.133824,-0.010865,0.990936,-0.131382,0.031129,0.990814,-0.251778,0.049928,0.96646,-0.34196,0.059664,0.937803,-0.254463,0.044374,0.966033,-0.144688,0.055269,0.987915,-0.290201,0.110843,0.950499,-0.297525,0.085452,0.950865,-0.101962,-0.017457,0.994629],
			
			"skinIndices"  : [],
			"skinWeights"  : [],
			"morphTargets" : [],
			
			"bones"      : [],
			"animations" : [],
			
			"colors"    : [],
			"materials" : [
				{
					"DbgColor": 15658734,
					"DbgIndex": 0,
					"DbgName": "default",
					"vertexColors": false
				}
			]


	}
