{

		"metadata": {
			"formatVersion" : 3.1,
			"generatedBy"   : "Blender 2.7 Exporter",
			"vertices"      : 26,
			"faces"         : 19,
			"normals"       : 24,
			"colors"        : 0,
			"uvs"           : [],
			"materials"     : 1,
			"morphTargets"  : 0,
			"bones"         : 0
		},

			"scale" : 1.000000,
			
			"vertices" : [0.523908,19.0633,-9.54272e-07,0.523908,24.6849,-9.58022e-07,4.45149,19.149,-0.525071,5.69055,20.2342,-8.72941e-07,5.35964,24.6849,-0.525071,11.3272,20.5345,-0.14701,6.61774,25.3475,-1.03595e-06,14.5546,21.917,-0.645183,14.7941,23.2152,0.498098,-0.105428,21.0461,0.302982,-0.105428,0.0170307,0.302982,0.517555,0.0170307,0.302982,0.517555,25.2541,0.302982,0.116545,25.36,0.302982,-0.105428,21.0461,-0.309189,-0.105428,0.0170307,-0.309189,0.517556,0.0170307,-0.309189,0.517556,25.2541,-0.309189,0.116546,25.36,-0.309189,10.7059,24.7038,0.498098,9.14299,25.2447,-0.14701,4.24033,17.7285,0.000502189,2.84332,14.1806,-0.104503,5.88108,16.5606,0.644601,0.510418,17.6807,0.000925268,0.510418,14.1328,0.000925367],
			"faces"    : [35,19,5,7,8,0,0,1,2,2,34,9,12,13,0,3,4,5,34,10,11,12,0,6,7,4,34,9,10,12,0,3,6,4,35,12,17,18,13,0,4,8,9,5,35,10,15,16,11,0,6,10,11,7,34,15,17,16,0,10,8,11,34,14,18,17,0,12,9,8,34,15,14,17,0,10,12,8,35,11,16,17,12,0,7,11,8,4,35,14,15,10,9,0,12,10,6,3,35,18,14,9,13,0,9,12,3,5,34,22,21,23,0,13,14,15,34,24,21,22,0,16,14,13,34,25,24,22,0,17,16,13,35,4,2,3,6,0,18,19,20,21,34,20,5,19,0,22,1,0,35,6,3,5,20,0,21,20,1,22,35,0,2,4,1,0,23,19,18,23],
			"uvs"      : [],
			"normals"  : [-0.264748,-0.245613,0.932493,-0.005768,-0.168767,0.985626,0.060213,-0.306497,0.94995,-0.712546,0.018311,0.701346,0.638417,0.491684,0.592151,-0.48558,0.665151,0.567248,-0.577349,-0.577349,0.577349,0.577349,-0.577349,0.577349,0.638417,0.491684,-0.592151,-0.48558,0.665151,-0.567248,-0.577349,-0.577349,-0.577349,0.577349,-0.577349,-0.577349,-0.712546,0.018311,-0.701346,0.049501,-0.008972,-0.998718,0.165075,-0.035829,-0.985595,0.306101,-0.092471,-0.947478,-0.01706,0.018708,-0.999664,-0.045137,0,-0.998962,-0.222694,0.042787,0.973937,-0.046175,0.015809,0.998779,-0.271218,0.050691,0.96115,-0.134739,0.030305,0.990387,-0.106662,-0.058168,0.992584,0.119053,-0.009674,0.992828],
			
			"skinIndices"  : [],
			"skinWeights"  : [],
			"morphTargets" : [],
			
			"bones"      : [],
			"animations" : [],
			
			"colors"    : [],
			"materials" : [
				{
					"DbgColor": 15658734,
					"DbgIndex": 0,
					"DbgName": "default",
					"vertexColors": false
				}
			]


	}
