	{

		"metadata": {
			"formatVersion" : 3.1,
			"generatedBy"   : "Blender 2.7 Exporter",
			"vertices"      : 12,
			"faces"         : 13,
			"normals"       : 10,
			"colors"        : 0,
			"uvs"           : [],
			"materials"     : 1,
			"morphTargets"  : 0,
			"bones"         : 0
		},

			"scale" : 1.000000,
			
			"vertices" : [-0.133497,5.83535e-09,0.133497,0.133497,5.83535e-09,0.133497,-0.133497,-5.83535e-09,-0.133497,0.133497,-5.83535e-09,-0.133497,-0.0604412,5.33263,0.060441,0.0604412,5.33263,0.060441,-0.0604412,5.33263,-0.0604414,0.0604412,5.33263,-0.0604414,0.0781083,4.04304,0.0781082,2.10095,5.29546,1.76235,2.11862,4.00587,1.78002,1.31413,4.65066,1.14187],
			"faces"    : [35,0,2,3,1,0,0,1,2,3,35,4,5,7,6,0,4,5,6,7,34,1,5,8,0,3,5,8,34,3,7,5,0,2,6,5,34,1,3,5,0,3,2,5,35,3,2,6,7,0,2,1,7,6,34,0,5,4,0,0,5,4,34,1,8,5,0,3,8,5,34,0,1,5,0,0,3,5,34,5,11,9,0,5,9,9,34,8,10,11,0,8,9,9,34,5,8,11,0,5,8,9,35,2,0,4,6,0,1,0,4,7],
			"uvs"      : [],
			"normals"  : [-0.580889,-0.570147,0.580889,-0.580889,-0.570147,-0.580889,0.580889,-0.570147,-0.580889,0.580889,-0.570147,0.580889,-0.573717,0.584521,0.573717,0.182134,0.497085,0.848354,0.573717,0.584521,-0.573717,-0.573717,0.584521,-0.573717,0.43437,0.018281,0.90054,-0.645161,0.001617,0.764],
			
			"skinIndices"  : [],
			"skinWeights"  : [],
			"morphTargets" : [],
			
			"bones"      : [],
			"animations" : [],
			
			"colors"    : [],
			"materials" : [
				{
					"DbgColor": 15658734,
					"DbgIndex": 0,
					"DbgName": "default",
					"vertexColors": false
				}
			]


	}
