{
    "faces":[32,4,0,1,0,0,0,32,1,2,3,1,1,1,32,1,3,4,2,2,2,33,3,8,9,4,3,3,3,3,32,7,6,5,4,4,4,32,5,9,8,5,5,5,32,5,8,7,6,6,6,33,2,7,8,3,7,7,7,7,33,0,4,9,5,8,8,8,8,33,22,11,13,23,9,9,9,9,33,27,19,17,24,10,10,10,10,33,24,17,15,25,11,11,11,11,33,33,29,11,22,12,12,12,12,33,18,16,14,20,13,13,13,13,33,30,13,11,29,14,14,14,14,33,1,0,5,6,15,15,15,15,33,17,19,21,15,14,14,14,14,33,28,18,20,31,16,16,16,16,33,25,15,21,26,17,17,17,17,33,32,30,19,27,18,18,18,18,33,28,32,27,18,19,19,19,19,33,14,25,26,20,20,20,20,20,33,31,33,22,10,21,21,21,21,33,16,24,25,14,22,22,22,22,33,18,27,24,16,23,23,23,23,33,10,22,23,12,24,24,24,24,33,20,26,33,31,25,25,25,25,33,12,23,32,28,26,26,26,26,33,23,13,30,32,18,18,18,18,33,12,28,31,10,27,27,27,27,33,19,30,29,21,14,14,14,14,33,26,21,29,33,12,12,12,12],
    "uvs":[],
    "metadata":{
        "type":"Geometry",
        "faces":32,
        "generator":"io_three",
        "normals":28,
        "uvs":0,
        "vertices":34,
        "version":3
    },
    "vertices":[-0.124809,9.41743,0.130122,-0.124809,-0.0542269,0.130122,0.140032,-0.0542269,0.130122,0.140032,11.3598,0.130122,-0.0304446,11.4049,0.130122,-0.124809,9.41743,-0.130123,-0.124809,-0.0542269,-0.130123,0.140032,-0.0542269,-0.130123,0.140032,11.3598,-0.130123,-0.0304446,11.4049,-0.130123,0.067881,8.91959,0.0721499,0.0678811,11.432,0.0721498,0.067881,8.91959,-0.0721501,0.0678811,11.432,-0.0721502,6.29445,10.3023,0.0721499,6.29445,11.432,0.0721498,6.29445,10.3023,-0.0721502,6.29445,11.432,-0.0721502,4.30695,9.3684,-0.0721502,4.30695,11.432,-0.0721502,4.30695,9.3684,0.0721499,4.30695,11.432,0.0721498,0.0678811,10.1758,0.0721498,0.0678811,10.1758,-0.0721502,6.29445,10.8922,-0.0721502,6.29445,10.8922,0.0721498,4.30695,10.1758,0.0721498,4.30695,10.1758,-0.0721502,2.18742,8.91959,-0.0721501,2.18742,11.432,0.0721498,2.18742,11.432,-0.0721502,2.18742,8.91959,0.0721499,2.18742,10.1758,-0.0721502,2.18742,10.1758,0.0721498],
    "normals":[4.30744e-07,-2.04521e-08,1,0,-1.69716e-08,1,-4.45492e-09,-1.68683e-08,1,0.255346,0.96685,0,0,2.04521e-08,-1,-0,0,-1,-1.24474e-07,1.69716e-08,-1,1,-1.56661e-08,0,-0.998875,0.0474274,0,-1,0,0,-1.51589e-09,-3.3188e-08,-1,1,0,0,0,5.93107e-08,1,0.425266,-0.905068,0,0,1,0,-1,1.25859e-08,0,0.207157,-0.978308,0,-4.46564e-09,6.63761e-08,1,0,-3.55864e-08,-1,-1.0679e-09,-3.97156e-08,-1,-1.63362e-08,7.99807e-08,1,0,6.52417e-08,1,1,0,0,-1.37337e-09,-3.73243e-08,-1,-1,4.74485e-08,0,-1.9902e-09,6.85997e-08,1,0,-4.15175e-08,-1,0,-1,-0]
}