{
    "faces":[32,4,0,1,0,0,0,32,1,2,3,1,1,1,32,1,3,4,2,2,2,33,3,8,9,4,3,3,3,3,32,7,6,5,4,4,4,32,5,9,8,5,5,5,32,5,8,7,6,6,6,33,2,7,8,3,7,7,7,7,33,0,4,9,5,8,8,8,8,33,22,11,13,23,9,9,9,9,33,27,19,17,24,10,10,10,10,33,24,17,15,25,11,11,11,11,33,26,21,11,22,12,12,12,12,33,18,16,14,20,13,13,13,13,33,19,13,11,21,14,14,14,14,33,1,0,5,6,15,15,15,15,33,17,19,21,15,16,16,16,16,33,12,18,20,10,17,17,17,17,33,25,15,21,26,18,18,18,18,33,23,13,19,27,19,19,19,19,33,12,23,27,18,20,20,20,20,33,14,25,26,20,21,21,21,21,33,20,26,22,10,22,22,22,22,33,16,24,25,14,23,23,23,23,33,18,27,24,16,24,24,24,24,33,10,22,23,12,25,25,25,25],
    "uvs":[],
    "skinWeights":[0.777473,0.213085,4.04652,0.0715413,4.04325,0.0714484,0,0.918983,0.95298,0.0476711,0.82773,0.164889,4.04268,0.0717052,4.04343,0.0714266,0.894158,0.108996,0.965777,0,0.995659,0,0.996818,0,0.996818,0,0,0.995658,0.992447,0,0.760902,0,0.977132,0,0.759758,0,0,0.49972,0,0.499564,0.499677,0.499148,0,0.499582,0.996806,0,0.996805,0,0.992472,0,0.994525,0,0,0.499611,0,0.499515],
    "skinIndices":[4,0,4,5,4,5,0,0,0,4,4,0,4,5,4,5,0,4,0,0,4,0,0,0,4,0,0,0,5,0,3,0,5,0,3,0,0,5,0,0,4,5,0,0,2,0,2,0,3,0,3,0,0,2,0,3],
    "normals":[6.21789e-07,-2.20253e-08,1,0,-1.69716e-08,1,-4.45492e-09,-1.68683e-08,1,0.255346,0.96685,0,0,2.20253e-08,-1,-1.95563e-09,-7.40486e-09,-1,-1.80738e-07,1.69716e-08,-1,1,-1.56661e-08,0,-0.998875,0.0474274,0,-1,0,0,-6.03357e-09,-5.54742e-08,-1,0.920274,0.390803,-0.0192243,0,5.93107e-08,1,0.664519,-0.747272,0,0,1,0,-1,2.51718e-08,0,0.149159,0.988713,-0.0140478,0,-1,-0,1.01199e-08,8.52592e-08,1,2.86738e-09,-3.8552e-08,-1,2.86738e-09,-4.4483e-08,-1,9.9207e-09,5.39135e-08,1,2.86738e-09,6.82072e-08,1,1,7.02747e-07,0,-2.4733e-08,-2.31058e-08,-1,-1,4.74485e-08,0],
    "vertices":[-0.124809,9.41743,0.130122,-0.12481,-0.0542269,0.130122,0.140032,-0.0542269,0.130122,0.140032,11.3598,0.130122,-0.0304446,11.4049,0.130122,-0.124809,9.41743,-0.130123,-0.12481,-0.0542269,-0.130123,0.140032,-0.0542269,-0.130123,0.140032,11.3598,-0.130123,-0.0304446,11.4049,-0.130123,0.067881,8.91959,0.0721499,0.0678811,11.432,0.0721498,0.067881,8.91959,-0.0721501,0.0678811,11.432,-0.0721502,2.66628,10.0749,0.0721498,2.44963,11.2707,0.0721497,2.66628,10.0749,-0.0721502,2.44505,11.2673,-0.0721503,1.36708,8.91959,-0.0721501,1.36708,11.432,-0.0721502,1.36708,8.91959,0.0721499,1.36708,11.432,0.0721498,0.0678811,10.1758,0.0721498,0.0678811,10.1758,-0.0721502,2.66628,10.7534,-0.0721502,2.66628,10.7534,0.0721498,1.36708,10.1758,0.0721498,1.36708,10.1758,-0.0721502],
    "metadata":{
        "version":3,
        "faces":26,
        "normals":26,
        "bones":6,
        "vertices":28,
        "uvs":0,
        "generator":"io_three",
        "morphTargets":0,
        "type":"Geometry"
    },
    "influencesPerVertex":2,
    "morphTargets":[],
    "bones":[{
        "pos":[0.0678811,11.432,2.5332e-07],
        "parent":-1,
        "name":"Bone",
        "rotq":[0,0,0,1]
    },{
        "pos":[1.2992,11.3755,-0],
        "parent":0,
        "name":"Bone.001",
        "rotq":[0,0,0,1]
    },{
        "pos":[0.0678811,10.1758,2.68221e-07],
        "parent":-1,
        "name":"Bone.002",
        "rotq":[0,0,0,1]
    },{
        "pos":[1.2992,11.3755,-0],
        "parent":2,
        "name":"Bone.003",
        "rotq":[0,0,0,1]
    },{
        "pos":[0.0678811,8.91959,2.83122e-07],
        "parent":-1,
        "name":"Bone.004",
        "rotq":[0,0,0,1]
    },{
        "pos":[1.2992,11.3755,-0],
        "parent":4,
        "name":"Bone.005",
        "rotq":[0,0,0,1]
    }]
}