{
    "faces":[32,4,0,1,0,0,0,32,1,2,3,1,1,1,32,1,3,4,2,2,2,33,3,8,9,4,3,3,3,3,32,7,6,5,4,4,4,32,5,9,8,5,5,5,32,5,8,7,6,6,6,33,2,7,8,3,7,7,7,7,33,0,4,9,5,8,8,8,8,33,18,11,13,19,9,9,9,9,33,16,24,15,20,10,10,10,10,33,20,15,14,21,11,11,11,11,33,17,23,11,18,12,12,12,12,33,24,13,11,23,13,13,13,13,33,1,0,5,6,14,14,14,14,33,17,18,10,25,15,15,15,15,33,22,16,17,25,16,16,16,16,33,10,18,19,12,17,17,17,17,33,19,13,24,16,18,18,18,18,33,12,22,25,10,19,19,19,19,33,21,14,23,17,20,20,20,20,33,15,24,23,14,13,13,13,13,33,16,20,21,17,21,21,21,21,33,12,19,16,22,22,22,22,22],
    "uvs":[],
    "metadata":{
        "type":"Geometry",
        "faces":24,
        "generator":"io_three",
        "normals":23,
        "uvs":0,
        "vertices":26,
        "version":3
    },
    "vertices":[-0.124809,9.41743,0.130122,-0.124809,-0.0542269,0.130122,0.140032,-0.0542269,0.130122,0.140032,11.3598,0.130122,-0.0304446,11.4049,0.130122,-0.124809,9.41743,-0.130123,-0.124809,-0.0542269,-0.130123,0.140032,-0.0542269,-0.130123,0.140032,11.3598,-0.130123,-0.0304446,11.4049,-0.130123,0.067881,8.91959,0.0721499,0.0678811,11.432,0.0721498,0.067881,8.91959,-0.0721501,0.0678811,11.432,-0.0721502,4.3215,11.432,0.0721498,4.3215,11.432,-0.0721502,1.50233,9.80564,-0.0721502,1.50233,9.80564,0.0721499,0.0678811,10.1758,0.0721498,0.0678811,10.1758,-0.0721502,3.7553,10.9115,-0.0721502,3.7553,10.9115,0.0721498,2.18742,8.91959,-0.0721501,2.18742,11.432,0.0721498,2.18742,11.432,-0.0721502,2.18742,8.91959,0.0721499],
    "normals":[4.30744e-07,-2.04521e-08,1,0,-1.69716e-08,1,-4.45492e-09,-1.68683e-08,1,0.255346,0.96685,0,0,2.04521e-08,-1,-0,0,-1,-1.24474e-07,1.69716e-08,-1,1,-1.56661e-08,0,-0.998875,0.0474274,0,-1,0,0,-7.25196e-10,-3.08112e-08,-1,0.676794,-0.736172,0,-3.66137e-09,6.54884e-08,1,0,1,0,-1,1.25859e-08,0,-4.47312e-09,5.76944e-08,1,0.791108,0.611676,0,-1,4.74485e-08,0,-1.36931e-09,-3.3276e-08,-1,0,-1,-0,-3.61664e-09,7.4987e-08,1,0.440613,-0.897697,0,-2.70257e-09,-4.60774e-08,-1]
}