{
    "faces":[32,4,0,1,0,0,0,32,1,2,3,1,1,1,32,1,3,4,2,2,2,33,3,8,9,4,3,3,3,3,32,7,6,5,4,4,4,32,5,9,8,5,5,5,32,5,8,7,6,6,6,33,2,7,8,3,7,7,7,7,33,0,4,9,5,8,8,8,8,33,20,11,13,21,9,9,9,9,33,37,32,15,22,10,10,10,10,33,22,15,14,23,11,11,11,11,33,31,27,11,20,12,12,12,12,33,28,13,11,27,13,13,13,13,33,1,0,5,6,14,14,14,14,33,32,17,19,35,13,13,13,13,33,26,16,18,29,15,15,15,15,33,36,35,19,24,16,16,16,16,33,30,28,17,25,17,17,17,17,33,26,30,25,16,18,18,18,18,33,33,36,24,18,19,19,19,19,33,29,31,20,10,20,20,20,20,32,34,37,22,21,21,21,33,10,20,21,12,22,22,22,22,33,18,24,31,29,23,23,23,23,33,12,21,30,26,24,24,24,24,33,21,13,28,30,17,17,17,17,33,12,26,29,10,25,25,25,25,33,17,28,27,19,13,13,13,13,33,24,19,27,31,12,12,12,12,33,16,25,37,34,26,26,26,26,32,23,36,33,27,27,27,33,23,14,35,36,28,28,28,28,33,15,32,35,14,13,13,13,13,33,16,34,33,18,29,29,29,29,33,25,17,32,37,30,30,30,30,33,22,23,33,34,31,31,31,31],
    "uvs":[],
    "metadata":{
        "type":"Geometry",
        "faces":37,
        "generator":"io_three",
        "normals":32,
        "uvs":0,
        "vertices":38,
        "version":3
    },
    "vertices":[-0.124809,9.41743,0.130122,-0.124809,-0.0542269,0.130122,0.140032,-0.0542269,0.130122,0.140032,11.3598,0.130122,-0.0304446,11.4049,0.130122,-0.124809,9.41743,-0.130123,-0.124809,-0.0542269,-0.130123,0.140032,-0.0542269,-0.130123,0.140032,11.3598,-0.130123,-0.0304446,11.4049,-0.130123,0.067881,8.91959,0.0721499,0.0678811,11.432,0.0721498,0.067881,8.91959,-0.0721501,0.0678811,11.432,-0.0721502,8.14628,11.432,0.0721498,8.14628,11.432,-0.0721502,4.30695,9.3684,-0.0721502,4.30695,11.432,-0.0721502,4.30695,9.3684,0.0721499,4.30695,11.432,0.0721498,0.0678811,10.1758,0.0721498,0.0678811,10.1758,-0.0721502,7.58008,10.9115,-0.0721502,7.58008,10.9115,0.0721498,4.30695,10.1758,0.0721498,4.30695,10.1758,-0.0721502,2.18742,8.91959,-0.0721501,2.18742,11.432,0.0721498,2.18742,11.432,-0.0721502,2.18742,8.91959,0.0721499,2.18742,10.1758,-0.0721502,2.18742,10.1758,0.0721498,6.05188,11.432,-0.0721502,6.04222,9.97877,0.0721499,6.04222,9.97877,-0.0721502,6.05188,11.432,0.0721498,6.05188,10.6037,0.0721498,6.05188,10.6037,-0.0721502],
    "normals":[4.30744e-07,-2.04521e-08,1,0,-1.69716e-08,1,-4.45492e-09,-1.68683e-08,1,0.255346,0.96685,0,0,2.04521e-08,-1,-0,0,-1,-1.24474e-07,1.69716e-08,-1,1,-1.56661e-08,0,-0.998875,0.0474274,0,-1,0,0,-2.99217e-09,-3.74114e-08,-1,0.676794,-0.736172,0,0,5.93107e-08,1,0,1,0,-1,1.25859e-08,0,0.207157,-0.978308,0,-6.1929e-09,6.7913e-08,1,0,-3.55864e-08,-1,-1.0679e-09,-3.97156e-08,-1,-9.48971e-09,6.76857e-08,1,0,6.52417e-08,1,-1.22638e-08,-1.17321e-08,-1,-1,4.74485e-08,0,-1.9902e-09,6.85997e-08,1,0,-4.15175e-08,-1,0,-1,-0,-2.95063e-09,-2.59885e-08,-1,2.63149e-09,5.95679e-08,1,-9.00465e-10,8.3237e-08,1,0.331815,-0.943344,0,2.68645e-09,-3.9318e-08,-1,0.518562,-0.85504,0]
}