	{

		"metadata": {
			"formatVersion" : 3.1,
			"generatedBy"   : "Blender 2.7 Exporter",
			"vertices"      : 108,
			"faces"         : 122,
			"normals"       : 104,
			"colors"        : 0,
			"uvs"           : [],
			"materials"     : 1,
			"morphTargets"  : 0,
			"bones"         : 0
		},

			"scale" : 1.000000,
			
			"vertices" : [0.537243,-0.0386257,0.82759,1.35165,5.60099,-0.178726,2.03578,-0.0386257,0.82759,1.35165,6.04544,-0.178726,2.09361,8.33003,-0.0146171,-0.00513273,3.35991,-1.374,2.48734,10.7346,-0.232424,3.35392,6.48931,-0.815379,4.62656,6.48931,-0.815379,1.75486,10.756,-0.0146169,2.35911,2.9829,0.456828,-0.429645,5.60099,0.441862,-0.429645,6.04544,0.416144,-0.429645,8.12568,0.660142,-0.429645,9.46952,0.457651,0.386469,0.964776,-1.13471,0.974372,12.6162,-0.180616,0.0489272,-0.0386257,-2.06145,1.35165,5.60099,-0.820132,1.35165,6.04544,-0.820132,2.09361,8.33003,-0.999658,2.48734,10.7346,-0.981404,3.35392,6.48931,-1.35653,4.62656,6.48931,-1.35653,1.75486,10.756,-0.999657,2.35911,2.9829,-1.57244,-0.429645,5.60099,-1.5864,-0.429645,6.04544,-1.5864,-0.429645,7.54128,-2.18807,-0.429645,9.12753,-1.77257,1.99635,1.01446,-1.13471,0.974372,12.6162,-0.833658,0.476053,10.5758,-1.75742,-0.429645,10.4986,-1.98764,0.476053,12.6162,-1.48634,-0.429645,12.6162,-1.71656,0.811164,10.756,0.45785,-0.429645,10.756,0.727511,0.368748,12.6162,0.336307,-0.429645,12.6162,0.605969,-0.427841,2.97499,-2.42062,-0.428238,2.9735,1.10385,0.441464,-0.0386248,-2.97211,2.14537,-0.0386248,-2.43128,0.360696,0.746814,-2.44661,0.642669,0.734641,0.568116,1.8828,0.800777,0.568116,1.60475,3.40959,-1.374,0.251067,3.12978,0.328821,1.4912,3.19591,0.328821,3.64118,4.17225,-1.84292,4.3393,4.17225,-1.84292,3.64118,4.17225,-2.13977,4.3393,4.17225,-2.13977,-1.45217,-0.0386257,0.82759,-2.26657,5.60099,-0.178726,-2.95071,-0.0386257,0.82759,-2.26657,6.04544,-0.178726,-3.00853,8.33003,-0.0146171,-0.909791,3.35991,-1.374,-3.40226,10.7346,-0.232424,-4.26884,6.48931,-0.815379,-5.54148,6.48931,-0.815379,-2.66978,10.756,-0.0146169,-3.27403,2.9829,0.456828,-0.485278,5.60099,0.441862,-0.485278,6.04544,0.416144,-0.485278,8.12568,0.660142,-0.485278,9.46952,0.457651,-1.30139,0.964776,-1.13471,-1.8893,12.6162,-0.180616,-0.963851,-0.0386257,-2.06145,-2.26657,5.60099,-0.820132,-2.26657,6.04544,-0.820132,-3.00853,8.33003,-0.999658,-3.40226,10.7346,-0.981404,-4.26884,6.48931,-1.35653,-5.54148,6.48931,-1.35653,-2.66978,10.756,-0.999657,-3.27403,2.9829,-1.57244,-0.485278,5.60099,-1.5864,-0.485278,6.04544,-1.5864,-0.485278,7.54128,-2.18807,-0.485278,9.12753,-1.77257,-2.91127,1.01446,-1.13471,-1.8893,12.6162,-0.833658,-1.39098,10.5758,-1.75742,-0.485278,10.4986,-1.98764,-1.39098,12.6162,-1.48634,-0.485278,12.6162,-1.71656,-1.72609,10.756,0.45785,-0.485278,10.756,0.727511,-1.28367,12.6162,0.336307,-0.485278,12.6162,0.605969,-0.487082,2.97499,-2.42062,-0.486685,2.9735,1.10385,-1.35639,-0.0386248,-2.97211,-3.0603,-0.0386248,-2.43128,-1.27562,0.746814,-2.44661,-1.55759,0.734641,0.568116,-2.79772,0.800777,0.568116,-2.51967,3.40959,-1.374,-1.16599,3.12978,0.328821,-2.40612,3.19591,0.328821,-4.5561,4.17225,-1.84292,-5.25422,4.17225,-1.84292,-4.5561,4.17225,-2.13977,-5.25422,4.17225,-2.13977],
			"faces"    : [35,11,12,3,1,0,0,1,2,3,34,3,12,4,0,2,1,4,34,4,13,9,0,4,5,6,34,6,8,4,0,7,8,4,34,19,20,28,0,9,10,11,35,26,18,19,27,0,12,13,9,14,34,16,34,31,0,15,16,17,34,39,35,34,0,18,19,16,34,16,38,39,0,15,20,18,34,16,39,34,0,15,18,16,34,29,28,24,0,21,11,22,34,21,20,23,0,23,10,24,34,17,42,44,0,25,26,27,35,10,1,18,25,0,28,3,13,29,35,4,7,22,20,0,4,30,31,10,35,8,23,53,51,0,8,24,32,33,34,15,17,44,0,34,25,27,35,3,4,20,19,0,2,4,10,9,34,30,44,43,0,35,27,36,35,9,16,31,24,0,6,15,17,22,35,1,3,19,18,0,3,2,9,13,35,8,6,21,23,0,8,7,23,24,35,30,46,49,47,0,35,37,38,39,35,6,9,24,21,0,7,6,22,23,35,33,32,34,35,0,40,41,16,19,34,29,24,32,0,21,22,41,35,24,31,34,32,0,22,17,16,41,35,37,39,38,36,0,42,18,20,43,34,14,37,36,0,44,42,43,35,16,9,36,38,0,15,6,43,20,34,1,10,41,0,3,28,45,34,30,15,44,0,35,34,27,34,2,17,0,0,46,25,47,34,43,42,17,0,36,26,25,34,2,43,17,0,46,36,25,34,45,0,15,0,48,47,34,35,0,45,46,2,0,47,48,37,46,34,24,28,21,0,22,11,23,34,4,9,6,0,4,6,7,34,20,22,23,0,10,31,24,34,8,7,4,0,8,30,4,34,33,29,32,0,40,21,41,34,18,26,40,0,13,12,49,34,11,1,41,0,0,3,45,34,27,19,28,0,14,9,11,34,12,13,4,0,1,5,4,34,13,14,9,0,5,44,6,34,28,20,21,0,11,10,23,34,43,44,42,0,36,27,26,34,25,18,40,0,29,13,49,34,46,30,2,0,37,35,46,34,0,17,15,0,47,25,34,35,46,45,48,49,0,37,48,50,38,35,45,15,5,48,0,48,34,51,50,35,15,30,47,5,0,34,35,39,51,34,2,30,43,0,46,35,36,35,50,51,53,52,0,52,33,32,53,35,22,7,50,52,0,31,30,52,53,35,23,22,52,53,0,24,31,53,32,35,7,8,51,50,0,30,8,33,52,34,9,14,36,0,6,44,43,35,65,55,57,66,0,54,55,56,57,34,57,58,66,0,56,58,57,34,58,63,67,0,58,59,60,34,60,58,62,0,61,58,62,34,73,82,74,0,63,64,65,35,80,81,73,72,0,66,67,63,68,34,70,93,92,0,69,70,71,34,88,89,93,0,72,73,70,34,70,85,88,0,69,74,72,34,70,88,93,0,69,72,70,34,83,78,82,0,75,76,64,34,75,77,74,0,77,78,65,34,71,98,96,0,79,80,81,35,64,79,72,55,0,82,83,68,55,35,58,74,76,61,0,58,65,84,85,35,62,105,107,77,0,62,52,53,78,34,69,98,71,0,86,80,79,35,57,73,74,58,0,56,63,65,58,34,84,97,98,0,87,88,80,35,63,78,85,70,0,59,76,74,69,35,55,72,73,57,0,55,68,63,56,35,62,77,75,60,0,62,78,77,61,35,84,101,103,100,0,87,89,90,91,35,60,75,78,63,0,61,77,76,59,35,87,89,88,86,0,92,73,72,93,34,83,86,78,0,75,93,76,35,78,86,88,85,0,76,93,72,74,35,91,90,92,93,0,94,95,71,70,34,68,90,91,0,96,95,94,35,70,92,90,63,0,69,71,95,59,34,55,95,64,0,55,97,82,34,84,98,69,0,87,80,86,34,56,96,97,0,98,81,88,34,54,71,96,0,99,79,81,34,56,54,96,0,98,99,81,34,99,69,54,0,100,86,99,35,100,99,54,56,0,91,100,99,98,34,78,75,82,0,76,77,64,34,58,60,63,0,58,61,59,34,74,77,76,0,65,78,84,34,62,58,61,0,62,58,85,34,87,86,83,0,92,93,75,34,72,94,80,0,68,101,66,34,65,95,55,0,54,97,55,34,81,82,73,0,67,64,63,34,66,58,67,0,57,58,60,34,67,63,68,0,60,59,96,34,82,75,74,0,64,77,65,34,97,96,98,0,88,81,80,34,79,94,72,0,83,101,68,34,100,56,84,0,91,98,87,34,54,69,71,0,99,86,79,35,100,103,102,99,0,91,90,102,100,35,99,102,59,69,0,100,102,103,86,35,69,59,101,84,0,86,103,89,87,34,56,97,84,0,98,88,87,35,104,106,107,105,0,33,32,53,52,35,76,106,104,61,0,84,32,33,85,35,77,107,106,76,0,78,53,32,84,35,61,104,105,62,0,85,33,52,62,34,63,90,68,0,59,95,96],
			"uvs"      : [],