	{

		"metadata": {
			"formatVersion" : 3.1,
			"generatedBy"   : "Blender 2.7 Exporter",
			"vertices"      : 88,
			"faces"         : 112,
			"normals"       : 88,
			"colors"        : 0,
			"uvs"           : [],
			"materials"     : 1,
			"morphTargets"  : 0,
			"bones"         : 0
		},

			"scale" : 1.000000,
			
			"vertices" : [0.530414,-0.268798,0.860488,0.913944,5.69259,-0.167671,2.06148,-0.268798,0.860488,0.913944,6.14668,-0.167671,1.57233,8.2815,-6.52393e-08,-0.0237347,2.039,-1.38889,1.97461,10.7382,-0.222535,2.86,6.40083,-0.818143,4.16026,6.40083,-0.818143,0.977031,10.7601,1.56503e-07,2.39183,0.924433,0.481678,0.376367,0.756383,-1.1444,0.977031,12.6607,3.3172e-07,0.0314986,-0.268798,-2.09126,0.913944,5.69259,-0.822999,0.913944,6.14668,-0.822999,1.57233,8.2815,-1.00642,1.97461,10.7382,-0.987772,2.86,6.40083,-1.37104,4.16026,6.40083,-1.37104,0.977031,10.7601,-1.00642,2.39183,0.924433,-1.59164,2.02119,0.807142,-1.1444,0.977031,12.6607,-1.00642,0.467896,10.576,-1.78063,0.467896,12.6607,-1.78063,0.358261,10.7601,0.482722,0.358261,12.6607,0.482722,-0.455619,0.91635,-2.45823,-0.456024,0.914829,1.14275,0.432556,-0.268798,-3.02168,2.17345,-0.268798,-2.46912,0.350034,0.533689,-2.48479,0.638128,0.521252,0.595382,1.90518,0.588824,0.595382,1.62109,2.08976,-1.38889,0.238026,1.80387,0.350893,1.50508,1.87145,0.350893,-1.44534,-0.268798,0.860488,-1.82887,5.69259,-0.167671,-2.9764,-0.268798,0.860488,-1.82887,6.14668,-0.167671,-2.48725,8.2815,-6.52393e-08,-0.891189,2.039,-1.38889,-2.88953,10.7382,-0.222535,-3.77492,6.40083,-0.818143,-5.07518,6.40083,-0.818143,-1.89195,10.7601,1.56503e-07,-3.30675,0.924433,0.481678,-0.457462,5.69259,0.466388,-0.457462,6.14668,0.440111,-0.457462,9.75398,0.689405,-0.457462,10.7601,0.482518,-1.29129,0.756383,-1.1444,-1.89195,12.6607,3.3172e-07,-0.946422,-0.268798,-2.09126,-1.82887,5.69259,-0.822999,-1.82887,6.14668,-0.822999,-2.48725,8.2815,-1.00642,-2.88953,10.7382,-0.987772,-3.77492,6.40083,-1.37104,-5.07518,6.40083,-1.37104,-1.89195,10.7601,-1.00642,-3.30675,0.924433,-1.59164,-0.457462,5.69259,-1.6059,-0.457462,6.14668,-1.6059,-0.457462,7.47563,-2.22063,-0.457462,10.2892,-1.40205,-2.93611,0.807142,-1.1444,-1.89195,12.6607,-1.00642,-1.38282,10.576,-1.78063,-0.457462,10.4972,-2.01584,-1.38282,12.6607,-1.78063,-0.457462,12.6607,-2.01584,-1.27318,10.7601,0.482722,-0.457462,10.7601,0.758237,-1.27318,12.6607,0.482722,-0.457462,12.6607,0.758237,-0.459305,0.91635,-2.45823,-0.4589,0.914829,1.14275,-1.34748,-0.268798,-3.02168,-3.08837,-0.268798,-2.46912,-1.26496,0.533689,-2.48479,-1.55305,0.521252,0.595382,-2.8201,0.588824,0.595382,-2.53601,2.08976,-1.38889,-1.15295,1.80387,0.350893,-2.42,1.87145,0.350893],
			"faces"    : [35,49,50,3,1,0,0,1,2,3,34,3,50,4,0,2,1,4,34,4,51,9,0,4,5,6,34,6,8,4,0,7,8,4,34,15,16,66,0,9,10,11,35,64,14,15,65,0,12,13,9,14,34,12,25,23,0,15,16,17,34,77,73,25,0,18,19,16,34,12,27,77,0,15,20,18,34,12,77,25,0,15,18,16,34,67,66,20,0,21,11,22,34,17,16,19,0,23,10,24,34,13,30,32,0,25,26,27,35,10,1,14,21,0,28,3,13,29,35,4,7,18,16,0,4,30,31,10,35,7,8,19,18,0,30,8,24,31,34,11,13,32,0,32,25,27,35,3,4,16,15,0,2,4,10,9,34,22,32,31,0,33,27,34,35,9,12,23,20,0,6,15,17,22,35,1,3,15,14,0,3,2,9,13,35,8,6,17,19,0,8,7,23,24,35,22,34,37,35,0,33,35,36,37,35,6,9,20,17,0,7,6,22,23,35,71,24,25,73,0,38,39,16,19,34,67,20,24,0,21,22,39,35,20,23,25,24,0,22,17,16,39,35,75,77,27,26,0,40,18,20,41,35,9,52,75,26,0,6,42,40,41,35,12,9,26,27,0,15,6,41,20,34,1,10,29,0,3,28,43,34,22,11,32,0,33,32,27,34,2,13,0,0,44,25,45,34,31,30,13,0,34,26,25,34,2,31,13,0,44,34,25,34,33,0,11,0,46,45,32,35,0,33,34,2,0,45,46,35,44,34,20,66,17,0,22,11,23,34,4,9,6,0,4,6,7,34,16,18,19,0,10,31,24,34,8,7,4,0,8,30,4,34,71,67,24,0,38,21,39,34,14,64,28,0,13,12,47,34,49,1,29,0,0,3,43,34,65,15,66,0,14,9,11,34,50,51,4,0,1,5,4,34,51,52,9,0,5,42,6,34,66,16,17,0,11,10,23,34,31,32,30,0,34,27,26,34,21,14,28,0,29,13,47,34,34,22,2,0,35,33,44,34,0,13,11,0,45,25,32,35,34,33,36,37,0,35,46,48,36,35,33,11,5,36,0,46,32,49,48,35,11,22,35,5,0,32,33,37,49,34,2,22,31,0,44,33,34,35,49,39,41,50,0,0,50,51,1,34,41,42,50,0,51,52,1,34,42,47,51,0,52,53,5,34,44,42,46,0,54,52,55,34,57,66,58,0,56,11,57,35,64,65,57,56,0,12,14,56,58,34,54,77,76,0,59,18,60,34,72,73,77,0,61,19,18,34,54,69,72,0,59,62,61,34,54,72,77,0,59,61,18,34,67,62,66,0,21,63,11,34,59,61,58,0,64,65,57,34,55,82,80,0,66,67,68,35,48,63,56,39,0,69,70,58,50,35,42,58,60,45,0,52,57,71,72,35,45,60,61,46,0,72,71,65,55,34,53,82,55,0,73,67,66,35,41,57,58,42,0,51,56,57,52,34,68,81,82,0,74,75,67,35,47,62,69,54,0,53,63,62,59,35,39,56,57,41,0,50,58,56,51,35,46,61,59,44,0,55,65,64,54,35,68,85,87,84,0,74,76,77,78,35,44,59,62,47,0,54,64,63,53,35,71,73,72,70,0,38,19,61,79,34,67,70,62,0,21,79,63,35,62,70,72,69,0,63,79,61,62,35,75,74,76,77,0,40,80,60,18,35,47,74,75,52,0,53,80,40,42,35,54,76,74,47,0,59,60,80,53,34,39,79,48,0,50,81,69,34,68,82,53,0,74,67,73,34,40,80,81,0,82,68,75,34,38,55,80,0,83,66,68,34,40,38,80,0,82,83,68,34,83,53,38,0,84,73,83,35,84,83,38,40,0,78,84,83,82,34,62,59,66,0,63,64,11,34,42,44,47,0,52,54,53,34,58,61,60,0,57,65,71,34,46,42,45,0,55,52,72,34,71,70,67,0,38,79,21,34,56,78,64,0,58,85,12,34,49,79,39,0,0,81,50,34,65,66,57,0,14,11,56,34,50,42,51,0,1,52,5,34,51,47,52,0,5,53,42,34,66,59,58,0,11,64,57,34,81,80,82,0,75,68,67,34,63,78,56,0,70,85,58,34,84,40,68,0,78,82,74,34,38,53,55,0,83,73,66,35,84,87,86,83,0,78,77,86,84,35,83,86,43,53,0,84,86,87,73,35,53,43,85,68,0,73,87,76,74,34,40,81,68,0,82,75,74],
			"uvs"      : [],
			"normals"  : [0,-0.086123,-0.996277,0,0.0571,-0.998352,-0.8193,0.144078,-0.554918,-0.814692,-0.148381,-0.560533,-0.359935,0.231849,-0.903684,0,-0.077486,-0.996979,-0.623707,-0.232429,-0.746269,-0.497696,-0.680532,-0.537675,-0.741722,0.471541,-0.476913,-0.854427,0.176427,0.488632,-0.266701,0.318735,0.909513,0,0.149724,0.988708,0,-0.090823,0.995849,-0.841975,-0.147496,0.518906,0,0.23072,0.972991,-0.704764,-0.620411,-0.344035,-0.448683,-0.634022,0.62981,-0.729728,-0.647877,0.218421,0,-0.641652,-0.766961,0,-0.655629,0.755058,-0.351512,-0.671255,-0.652547,0,0.456069,0.88992,-0.660421,-0.333537,0.672719,-0.467452,-0.702658,0.536363,-0.690207,0.414075,0.593402,0.830256,0.549425,0.093753,0.296548,0.379498,0.876339,0.439406,-0.725761,0.529283,-0.758812,-0.312967,-0.571154,-0.768029,-0.326823,0.550707,0.366527,0.812464,-0.453291,0.374218,0.628498,0.681845,0.916776,-0.262429,0.301065,-0.853725,-0.402203,0.330668,-0.706259,0.328776,0.626942,-0.655965,-0.331065,-0.678274,-0.621815,-0.329386,-0.710501,-0.59209,-0.03119,0.805231,0,0.562273,0.82693,-0.541673,0.571215,0.616627,0,0.641652,-0.766961,-0.351512,0.671255,-0.652547,0,0.720939,-0.692984,-0.25959,-0.185492,-0.947722,-0.589068,0.454207,-0.668325,0.546648,0.465438,-0.696066,0.613605,-0.178381,-0.769158,-0.325236,-0.221473,0.919309,0.769219,0.120334,-0.627522,0.668081,0.335032,0.664357,0.814692,-0.148381,-0.560533,0.8193,0.144078,-0.554918,0.359935,0.231849,-0.903684,0.623707,-0.232429,-0.746269,0.497696,-0.680532,-0.537675,0.741722,0.471541,-0.476913,0.854427,0.176427,0.488632,0.266701,0.318735,0.909513,0.841975,-0.147496,0.518906,0.704764,-0.620411,-0.344035,0.351512,-0.671255,-0.652547,0.448683,-0.634022,0.62981,0.729728,-0.647877,0.218421,0.660421,-0.333537,0.672719,0.467452,-0.702658,0.536363,0.690207,0.414075,0.593402,-0.830256,0.549425,0.093753,-0.439406,-0.725761,0.529283,-0.296548,0.379498,0.876339,0.758812,-0.312967,-0.571154,0.768029,-0.326823,0.550707,-0.374218,0.628498,0.681845,-0.366527,0.812464,-0.453291,-0.916776,-0.262429,0.301065,0.853725,-0.402203,0.330668,0.706259,0.328776,0.626942,0.59209,-0.03119,0.805231,0.621815,-0.329386,-0.710501,0.655965,-0.331065,-0.678274,0.541673,0.571215,0.616627,0.351512,0.671255,-0.652547,0.25959,-0.185492,-0.947722,0.589068,0.454207,-0.668325,-0.546648,0.465438,-0.696066,-0.613605,-0.178381,-0.769158,0.325236,-0.221473,0.919309,-0.769219,0.120334,-0.627522,-0.668081,0.335032,0.664357],
			
			"skinIndices"  : [],
			"skinWeights"  : [],
			"morphTargets" : [],
			
			"bones"      : [],
			"animations" : [],
			
			"colors"    : [],