	{

		"metadata": {
			"formatVersion" : 3.1,
			"generatedBy"   : "Blender 2.7 Exporter",
			"vertices"      : 180,
			"faces"         : 227,
			"normals"       : 180,
			"colors"        : 0,
			"uvs"           : [],
			"materials"     : 1,
			"morphTargets"  : 0,
			"bones"         : 0
		},

			"scale" : 1.000000,
			
			"vertices" : [0.922976,-6.94118,0.860488,0.981595,-0.9798,-0.167671,2.45404,-6.94118,0.860488,0.981595,-0.525706,-0.167671,1.63998,1.60911,2.2642e-07,0.697318,-2.96102,-1.05845,2.55806,2.63455,-0.222534,2.53986,0.205224,-1.02447,3.20279,0.205224,-0.818142,1.04468,4.0877,4.48162e-07,2.01273,-3.5345,0.481678,0.444019,-5.916,-1.1444,0.735924,5.4806,-0.125754,0.424061,-6.94119,-2.09126,0.981595,-0.9798,-0.822999,0.981595,-0.525706,-0.822999,1.63998,1.60911,-1.00642,2.73605,2.90901,-0.703118,2.53986,0.695966,-1.37104,3.20279,0.695966,-1.37104,1.04468,4.0877,-0.843762,2.01273,-3.5345,-1.59164,2.08884,-5.86524,-1.1444,0.939992,5.31815,-0.736989,0.535548,4.34175,-1.46259,0.304921,6.6584,-1.45719,0.425913,4.0877,0.482722,0.425913,6.6584,-0.443251,-0.387967,-3.54258,-2.45823,-0.388372,-3.54411,1.14275,0.825118,-6.94118,-3.02168,2.56601,-6.94118,-2.46912,0.417686,-6.1387,-2.48478,0.70578,-6.15113,0.595382,2.38121,-6.08356,0.595382,1.71732,-2.92955,-1.05845,0.859644,-3.10684,0.0204484,1.64538,-3.06493,0.0204484,0.535548,5.18252,-1.5997,0.263333,5.45721,0.346084,2.8182,-0.0873114,-3.42898,3.16618,-0.0519051,-3.50641,2.79643,0.198473,-3.40079,3.14441,0.233878,-3.47822,2.26007,3.22085,-1.08857,0.187335,5.12049,-1.84822,0.209539,4.05177,-1.78798,0.0901863,3.84,-0.803138,0.596715,3.89874,-0.58623,0.67332,3.91442,-0.0457531,2.29922,2.54483,-1.21778,2.85944,0.695966,-1.37104,2.26253,3.11371,-0.167346,1.84494,2.76199,0.0374404,2.37099,3.28867,-0.671499,2.72735,-0.0396526,-3.81548,3.07533,-0.00424618,-3.89291,2.70558,0.246131,-3.78729,3.05356,0.281537,-3.86472,2.60776,6.53134,-2.51477,2.63391,6.56675,-2.52353,2.51691,6.579,-2.90127,2.54306,6.6144,-2.91003,2.54519,7.13079,-2.55419,2.56423,7.16619,-2.56294,2.51853,7.17845,-2.63219,2.53757,7.21385,-2.64095,2.88244,-0.477284,-3.5499,3.1333,-0.451759,-3.60572,2.81694,-0.442926,-3.82854,3.0678,-0.417402,-3.88436,2.7842,0.394384,-3.37338,2.69335,0.442042,-3.75988,3.04133,0.477448,-3.83731,3.13218,0.429789,-3.45081,3.60927,0.277444,-3.58211,3.51842,0.325103,-3.96861,3.50618,0.521014,-3.9412,3.59703,0.473355,-3.5547,2.32216,0.173935,-3.28647,2.23131,0.221594,-3.67297,2.30993,0.369847,-3.25906,2.21908,0.417505,-3.64556,-1.7026,-6.94118,0.860488,-1.76122,-0.9798,-0.167671,-3.23366,-6.94118,0.860488,-1.76122,-0.525706,-0.167671,-2.4196,1.60911,2.2642e-07,-1.47694,-2.96102,-1.05845,-3.33768,2.63455,-0.222534,-3.31948,0.205224,-1.02447,-3.98241,0.205224,-0.818142,-1.8243,4.0877,4.48162e-07,-2.79235,-3.5345,0.481678,-0.38981,-0.9798,0.466388,-0.38981,-0.525706,0.440112,-0.38981,3.08159,0.689405,-0.38981,4.0877,0.299572,-1.22364,-5.916,-1.1444,-1.51554,5.4806,-0.125754,-1.20368,-6.94119,-2.09126,-1.76122,-0.9798,-0.822999,-1.76122,-0.525706,-0.822999,-2.4196,1.60911,-1.00642,-3.51567,2.90901,-0.703118,-3.31948,0.695966,-1.37104,-3.98241,0.695966,-1.37104,-1.8243,4.0877,-0.843762,-2.79235,-3.5345,-1.59164,-0.38981,-0.9798,-1.6059,-0.38981,-0.525706,-1.6059,-0.38981,0.803244,-2.22063,-0.38981,3.59313,-1.59452,-2.86846,-5.86524,-1.1444,-1.71961,5.31815,-0.736989,-1.31517,4.34175,-1.46259,-0.38981,3.82479,-2.01584,-1.08454,6.6584,-1.45719,-0.38981,6.58963,-1.71426,-1.20553,4.0877,0.482722,-0.38981,4.0877,0.758237,-1.20553,6.6584,-0.443251,-0.391653,-3.54258,-2.45823,-0.391248,-3.54411,1.14275,-1.60474,-6.94118,-3.02168,-3.34563,-6.94118,-2.46912,-1.19731,-6.1387,-2.48478,-1.4854,-6.15113,0.595382,-3.16083,-6.08356,0.595382,-2.49694,-2.92955,-1.05845,-1.63926,-3.10684,0.0204484,-2.425,-3.06493,0.0204484,-1.31517,5.18252,-1.5997,-0.38981,5.33564,-2.05411,-0.38981,5.04473,-2.21257,-1.04295,5.45721,0.346084,-0.38981,5.53514,0.49558,-0.38981,6.92239,-0.701056,-0.38981,6.61154,0.0519352,-2.53543,-0.0873114,-3.23344,-2.8834,-0.0519051,-3.31087,-2.51366,0.198473,-3.20524,-2.86164,0.233878,-3.28267,-3.03969,3.22085,-1.08857,-0.966955,5.12049,-1.84822,-0.989158,4.05177,-1.78798,-0.38981,3.5347,-1.20984,-0.869806,3.84,-0.803138,-1.37633,3.89874,-0.58623,-1.45294,3.91442,-0.0457531,-0.38981,3.09132,-1.56658,-3.07884,2.54483,-1.21778,-3.63906,0.695966,-1.37104,-3.04215,3.11371,-0.167346,-2.62456,2.76199,0.0374404,-3.15061,3.28867,-0.671499,-2.34087,-0.0446657,-3.515,-2.69527,-0.00434268,-3.48166,-2.30709,0.24021,-3.48958,-2.66149,0.280532,-3.45624,3.00643,0.601528,-3.36927,2.88943,0.61378,-3.76053,2.91558,0.649187,-3.75577,2.98028,0.566122,-3.37403,2.79924,-0.124091,-3.79347,2.86474,-0.158449,-3.51484,3.1156,-0.132924,-3.57066,3.0501,-0.0985653,-3.84929,-0.309612,2.79543,-4.04852,-4.63017,2.87417,-2.74141,-1.68464,2.21221,-3.94252,-3.57761,2.26564,-3.31696,-2.41349,-1.57358,-4.02316,-3.74481,-2.6963,-3.16615,-4.7087,-0.891661,-2.82406,-3.97677,-0.388004,-3.3832,-3.02765,-1.55173,-3.8182,-1.33466,-0.357973,-4.19436,-0.387434,-0.936579,-4.13043,-1.44886,-2.73814,-3.86075],