	{

		"metadata": {
			"formatVersion" : 3.1,
			"generatedBy"   : "Blender 2.7 Exporter",
			"vertices"      : 16,
			"faces"         : 16,
			"normals"       : 16,
			"colors"        : 0,
			"uvs"           : [],
			"materials"     : 1,
			"morphTargets"  : 0,
			"bones"         : 0
		},

			"scale" : 1.000000,
			
			"vertices" : [0,1.60352e-07,3.66843,2.32352,9.96451e-08,2.27961,3.66843,-2.98647e-08,-0.683224,2.59397,-1.29761e-07,-2.96858,-3.20704e-07,-1.60352e-07,-3.66843,-3.00842,-1.23991e-07,-2.83658,-3.47175,1.91218e-15,4.37456e-08,-2.59397,1.13386e-07,2.59397,-1.10817e-08,0.966509,2.18107,-0.650945,1.24893,1.04743,1.04858,0.616897,-1.04858,1.6095,0.575279,-9.54998e-08,1.47084,1.12186,1.47084,0.23138,1.4777,-0.470712,-0.301063,1.46023,0.173281,0.667272,1.50079,-0.208909],
			"faces"    : [35,9,14,6,7,0,0,1,2,3,34,12,9,8,0,4,0,5,34,13,14,9,0,6,1,0,34,12,15,13,0,4,7,6,34,12,13,9,0,4,6,0,35,7,0,8,9,0,3,8,5,0,34,14,5,6,0,1,9,2,34,13,4,5,0,6,10,9,34,14,13,5,0,1,6,9,35,2,3,10,11,0,11,12,13,14,35,1,2,11,12,0,15,11,14,4,35,0,1,12,8,0,8,15,4,5,35,12,11,10,15,0,4,14,13,7,34,13,3,4,0,6,12,10,34,13,15,10,0,6,7,13,34,13,10,3,0,6,13,12],
			"uvs"      : [],
			"normals"  : [-0.238044,0.942167,0.235847,-0.179083,0.983215,0.034547,-0.352367,0.932371,-0.080538,-0.353832,0.889492,0.289102,0.359539,0.903134,0.234626,-0.001801,0.890408,0.455153,-0.007904,0.987701,-0.15598,0.325541,0.942076,-0.080447,0.0112,0.840083,0.542314,-0.266762,0.932005,-0.245308,-0.021607,0.954405,-0.297678,0.341868,0.938627,-0.045137,0.247353,0.942808,-0.223426,0.348796,0.904324,-0.245888,0.52739,0.842128,-0.112339,0.411359,0.845698,0.339915],
			
			"skinIndices"  : [],
			"skinWeights"  : [],
			"morphTargets" : [],
			
			"bones"      : [],
			"animations" : [],
			
			"colors"    : [],
			"materials" : [
				{
					"DbgColor": 15658734,
					"DbgIndex": 0,
					"DbgName": "default",
					"vertexColors": false
				}
			]


	}
