{
    "metadata":{
        "normals":144,
        "type":"Geometry",
        "vertices":120,
        "generator":"io_three",
        "uvs":1,
        "faces":148,
        "version":3
    },
    "normals":[-0.412313,-0.0263478,-0.910661,-0.397552,0.193061,-0.89704,-0.493125,-0.118437,-0.861858,0.239087,0.0995397,0.965883,-0.495776,0,0.86845,-0.0607406,-0.075549,0.99529,0.0576196,-0.739268,0.670942,-0.239087,0.0995397,0.965883,0.90597,-0.163448,0.390517,-0.959868,-0.280454,0,0.942222,0.33499,0,-0.861674,0.438911,0.254707,0.939261,-0.341069,0.0382134,-0.955588,0.294707,0,-0.342878,-0.740128,0.578486,-0.90339,-0.402656,-0.147494,-1,0,0,-0.893027,-0.450002,0,-0.952766,-0.286929,-0.0995373,-0.817674,-0.575682,0,-0.581909,0.180628,0.792941,-0.457056,-0.164202,0.87415,-0.692556,-0.292601,0.659356,-0.988515,0.0528105,-0.141597,-0.177652,-0.21558,-0.96019,-0.757863,-0.396207,-0.518328,-0.239353,-0.215229,-0.946777,0.0304316,-0.986117,0.163238,0.968504,-0.181679,-0.170271,0.00706898,-0.292724,-0.956171,-0.328121,-0.214888,0.919869,2.20718e-07,0.269563,-0.962983,-0.254983,0.677465,0.689946,-0.48837,-0.172205,0.855477,-0.415322,-0.143406,-0.8983,-0.495691,0.0185717,0.868301,-0.342352,0.133782,-0.929999,-0.290855,-0.40953,-0.86469,-0.254086,-0.542777,0.800521,-0.304364,-0.255618,0.917617,-0.976167,-0.197534,-0.0898798,0.971697,-0.169794,-0.16424,0.00445016,-0.083446,-0.996502,0.956716,0.270486,-0.107388,-0.00259181,0.0839859,0.996464,-0.994795,-0.0962525,-0.0334537,-0.991822,0.0142095,0.126834,-0.853005,-0.0581066,-0.518658,-0.711856,-0.0781928,-0.697959,-0.853004,-0.058106,-0.518661,-0.93837,-0.038481,-0.343485,-0.853005,-0.0581054,-0.518657,-0.853002,-0.0581061,-0.518663,-0.85301,-0.058105,-0.51865,0.732776,0.588547,0.341543,-0.0287419,-0.940309,0.339105,0.0459221,0.880339,-0.472116,-0.254177,-0.220697,0.941641,-0.287905,-0.382345,0.878022,0.412313,-0.0263478,-0.910661,0.397552,0.193061,-0.897039,0.493125,-0.118437,-0.861858,-0.426066,-0.0952201,-0.899667,0.426066,-0.0952201,-0.899667,0.495776,0,0.86845,-0.0576196,-0.739268,0.670942,0.0607406,-0.075549,0.99529,-0.90597,-0.163448,0.390517,0.959868,-0.280454,0,-0.942222,0.33499,0,0.982569,0.185901,0,-0.939261,-0.341069,0.0382134,0.955588,0.294707,0,0.342878,-0.740128,0.578486,0.90339,-0.402656,-0.147494,1,0,0,0.893027,-0.450002,0,0.952766,-0.286929,-0.0995373,0.817674,-0.575682,0,0.581909,0.180628,0.792941,0.457056,-0.164202,0.874149,0.803066,-0.038938,-0.594616,0.719047,-0.119684,0.684577,0.177652,-0.21558,-0.96019,0.757863,-0.396207,-0.518328,0.239353,-0.215229,-0.946777,-0.0304316,-0.986117,0.163238,-0.968504,-0.181679,-0.170271,-0.00706897,-0.292724,-0.956171,0.328121,-0.214888,0.919869,-2.41658e-07,0.269563,-0.962983,0.254983,0.677465,0.689946,0.48837,-0.172205,0.855477,0.415322,-0.143406,-0.8983,0.495691,0.0185717,0.868301,0.342352,0.133782,-0.929999,0.290855,-0.40953,-0.86469,0.254086,-0.542776,0.800521,0.304364,-0.255618,0.917617,0.976167,-0.197534,-0.0898798,-0.971697,-0.169794,-0.16424,-0.00445016,-0.083446,-0.996502,-0.956716,0.270486,-0.107388,0.00259181,0.0839859,0.996464,0.994795,-0.0962525,-0.0334537,0.521902,0.853005,0,-0.988982,0.148037,0,0.0121242,0.0570105,0.9983,0.0121236,0.0570104,-0.9983,0.254177,-0.220697,0.941641,0.287905,-0.382345,0.878022,-0.988067,0.0171485,0.153067,-0.464651,0.0985874,0.879989,0.609709,0.0882466,0.787697,-0.464651,0.0985864,0.879989,-0.586426,0.0901817,0.804967,-0.464649,0.0985866,0.87999,-0.464654,0.0985861,0.879987,-0.464649,0.0985866,0.87999,0.853005,0.0581056,0.518659,0.309766,-0.105859,-0.944902,0.853004,0.0581056,0.518659,-0.87529,0.0538415,0.480592,0.853005,0.0581066,0.518658,0.853004,0.0581059,0.518659,0.853005,0.0581066,0.518658,0.853005,0.0581057,0.518658,0.751428,0.521511,0.404206,0.464651,-0.0985864,-0.879989,-0.751429,0.419137,-0.509587,-0.409953,0.554776,0.72399,0.409951,0.380816,-0.828806,0.822512,-0.207309,0.52962,-0.822512,-0.319367,-0.470615,-0.448258,-0.166536,0.878254,0.448257,-0.356753,-0.81963,0.464651,-0.0985874,-0.879989,0.983194,-0.0203261,-0.181431,0.464651,-0.0985864,-0.879989,0.464649,-0.0985867,-0.87999,0,-1,0,-0,-1,0,0,-1,-0,-0,-1,-0],
    "vertices":[0.970134,-0.0481939,0.857589,0.913944,7.5375,-0.167671,2.5012,-0.0481939,0.857589,0.913944,7.99159,-0.167671,1.57233,10.1264,-1.45883e-07,-0.0237347,3.88392,-1.38889,1.72606,11.5411,-0.222535,2.61145,7.20369,-0.818143,3.91171,7.20369,-0.818143,0.977031,12.605,7.58592e-08,2.15025,3.30619,0.481678,0.816495,1.00907,-1.1444,0.0505121,14.5056,-0.5201,0.471218,-0.0481939,-2.09416,0.913944,7.5375,-0.822999,0.913944,7.99159,-0.822999,1.57233,10.1264,-1.00642,1.72606,11.5411,-0.987772,2.61145,7.20369,-1.37104,3.91171,7.20369,-1.37104,0.977031,12.605,-1.00642,2.15025,3.30619,-1.59164,2.46132,1.05982,-1.1444,0.294229,14.5056,-1.00642,0.242802,12.421,-1.42489,0.0341476,14.5056,-1.2796,0.358261,12.605,0.482722,-0.0754872,14.5056,0.0861285,-0.455619,3.2981,-2.45823,-0.456024,3.29658,1.14275,0.872275,-0.048193,-3.02458,2.61317,-0.048193,-2.47202,0.790162,0.786372,-2.48479,1.07826,0.773935,0.595382,2.34531,0.841506,0.595382,1.62109,3.93468,-1.38889,0.238026,3.64879,0.350893,1.50508,3.71636,0.350893,3.20677,6.71271,-1.80224,3.60793,6.73614,-1.59304,3.20677,7.05587,-1.84068,3.60793,7.07931,-1.63149,0.305507,13.2262,-1.56231,-1.88506,-0.0481939,0.857589,-1.82887,7.5375,-0.167671,-3.41612,-0.0481939,0.857589,-1.82887,7.99159,-0.167671,-2.48725,10.1264,-1.45883e-07,-0.891189,3.88392,-1.38889,-2.64099,11.5411,-0.222535,-3.52638,7.20369,-0.818143,-4.82664,7.20369,-0.818143,-1.89195,12.605,7.58592e-08,-3.06517,3.30619,0.481678,-0.457462,7.5375,0.466387,-0.457462,7.99159,0.440111,-0.457462,11.5989,0.959027,-0.457462,12.605,0.482518,-1.73142,1.00907,-1.1444,-0.965436,14.5056,-0.5201,-1.38614,-0.0481939,-2.09416,-1.82887,7.5375,-0.822999,-1.82887,7.99159,-0.822999,-2.48725,10.1264,-1.00642,-2.64099,11.5411,-0.987772,-3.52638,7.20369,-1.37104,-4.82664,7.20369,-1.37104,-1.89195,12.605,-1.00642,-3.06517,3.30619,-1.59164,-0.457462,7.5375,-1.6059,-0.457462,7.99159,-1.6059,-0.457462,11.8738,-1.68893,-0.457462,12.1341,-1.40205,-3.37624,1.05982,-1.1444,-1.20915,14.5056,-1.00642,-1.15773,12.421,-1.42489,-0.457462,12.7592,-2.01584,-0.949071,14.5056,-1.2796,-0.457462,14.5056,-1.46841,-1.27318,12.605,0.482722,-0.457462,12.605,0.583513,-0.839436,14.5056,0.0861285,-0.457462,14.5056,0.206932,-0.459305,3.2981,-2.45823,-0.4589,3.29658,1.14275,-1.7872,-0.048193,-3.02458,-3.52809,-0.048193,-2.47202,-1.70509,0.786372,-2.48479,-1.99318,0.773935,0.595382,-3.26023,0.841506,0.595382,-2.53601,3.93468,-1.38889,-1.15295,3.64879,0.350893,-2.42,3.71636,0.350893,-3.83015,5.17427,-0.921936,-4.52286,5.5981,-0.921936,-3.83015,5.17427,-1.26725,-4.52286,5.5981,-1.26725,-1.22043,13.2262,-1.56231,-0.457462,13.7252,-1.59519,3.44158,6.66998,-2.18362,3.84274,6.69342,-1.97443,3.44158,7.01315,-2.22207,3.84274,7.03658,-2.01287,3.20678,16.5208,-2.90105,3.60794,16.5442,-2.69185,3.44159,16.4781,-3.28243,3.84275,16.5015,-3.07324,3.20677,1.29043,-1.19477,3.60793,1.31386,-0.985575,3.44158,1.2477,-1.57616,3.84274,1.27114,-1.36696,3.03517,16.7516,-2.87986,3.65283,16.7877,-2.55777,3.3967,16.6859,-3.46708,4.01436,16.7219,-3.14498,3.52476,17.9953,-3.15341,3.20677,0.0356112,-1.05419,3.60793,0.0590477,-0.844995,3.44158,-0.00711679,-1.43558,3.84274,0.0163202,-1.22638],