	{

		"metadata": {
			"formatVersion" : 3.1,
			"generatedBy"   : "Blender 2.7 Exporter",
			"vertices"      : 63,
			"faces"         : 91,
			"normals"       : 61,
			"colors"        : 0,
			"uvs"           : [],
			"materials"     : 1,
			"morphTargets"  : 0,
			"bones"         : 0
		},

			"scale" : 1.000000,
			
			"vertices" : [2.47941e-07,-1.13504e-07,-2.59668,1.06949,2.38013,1.54456,-1.59491,-8.95709e-08,-2.04914,-2.41031,-6.2081e-08,-1.42025,-2.51722,-2.78637e-08,-0.637447,-2.58781,9.37313e-09,0.214432,-2.2107,4.55942e-08,1.04307,-1.91044,7.68745e-08,1.75868,2.16045,1.84802,0.183901,-0.427399,1.11956e-07,2.56126,0.427399,1.11956e-07,2.56126,1.23588,9.98242e-08,2.28371,1.91044,7.68745e-08,1.75868,2.50387,4.55942e-08,1.04307,2.58781,9.37308e-09,0.214431,1.15747,1.53287,1.70714,2.17385,-0.0483214,-1.42025,1.40026,-0.0483214,-1.74566,0.843137,-1.07354e-07,-2.45598,1.50645e-07,2.13114,-1.9421,-0.6306,2.13114,-1.52968,-1.04238,2.48498,-1.06715,-1.23632,3,-0.856474,-1.5574,3,-0.476759,-1.68478,3,0.160378,-1.20001,3,0.780135,-1.42885,3,1.31535,-0.92434,3,1.41015,-0.31966,3,1.91562,0.31966,2.48498,1.46763,0.92434,3,1.70803,0.754272,2.73835,0.751422,1.90443,2.61032,0.780134,1.52632,2.76301,0.160377,1.78144,2.69402,-0.47676,1.9564,3,-1.06223,0.998212,3.35539,-1.22911,0.630598,2.13114,-1.3865,1.32727,3.09213,-1.10549,1.00339,1.38919,-1.23576,1.98255,0.969716,-1.07503,0.529022,2.81989,0.43993,0.969891,3.32801,-1.24124,-0.39848,2.2361,-1.12285,-2.51722,-2.78637e-08,-0.637447,-2.58781,9.37313e-09,0.214432,-1.5574,3,-0.476759,-1.68478,3,0.160378,-2.30755,0.968137,-0.443313,-2.33893,0.968137,-0.0646869,-1.88095,2.30152,-0.371894,-1.93757,2.30152,-0.088712,-1.00579,1.31316,2.27174,-0.789081,1.31316,2.34614,-0.922285,2.11731,2.03759,-0.760201,2.11731,2.17308,1.02146,2.01479,1.27439,0.888122,0.684588,2.17543,0.568656,2.07869,1.615,2.13863,1.49103,1.32889,2.52981,0.924307,0.978923,-1.20368,1.22785,-1.39654,-1.78304,1.3008,-1.0084],
			"faces"    : [35,2,3,62,61,0,0,1,2,3,34,60,8,59,0,4,5,6,34,10,58,29,0,7,8,9,34,10,11,57,0,7,10,8,34,10,57,58,0,7,8,8,34,56,1,15,0,11,12,13,34,11,12,15,0,10,14,13,34,12,31,56,0,14,15,11,34,12,56,15,0,14,11,13,34,52,53,55,0,16,17,18,34,28,27,55,0,19,20,18,34,54,52,55,0,16,16,18,34,27,54,55,0,20,16,18,35,18,0,19,37,0,21,22,23,24,35,59,8,33,32,0,6,5,25,26,34,40,38,35,0,27,28,29,34,7,27,26,0,30,20,31,34,52,54,27,0,16,16,20,34,9,53,52,0,32,17,16,34,7,52,27,0,30,16,20,34,7,9,52,0,30,32,16,35,31,30,1,56,0,15,33,12,11,34,0,20,19,0,22,34,23,34,61,21,20,0,3,35,34,34,0,2,61,0,22,0,3,34,0,61,20,0,22,3,34,34,30,57,11,0,33,8,10,34,30,29,58,0,33,9,8,34,30,58,57,0,33,8,8,34,12,32,31,0,14,26,15,34,13,60,59,0,36,4,6,34,12,59,32,0,14,6,26,34,12,13,59,0,14,36,6,35,13,14,8,60,0,36,37,5,4,34,14,33,8,0,37,25,5,34,40,35,34,0,27,29,38,34,14,34,33,0,37,38,25,34,14,16,40,0,37,39,27,34,14,40,34,0,37,27,38,34,17,42,39,0,40,41,42,34,18,37,42,0,21,24,41,34,17,18,42,0,40,21,41,35,6,7,26,25,0,43,30,31,44,34,44,3,4,0,45,1,46,34,46,23,22,0,47,48,49,34,44,62,3,0,45,2,1,34,46,22,62,0,47,49,2,34,48,50,46,0,50,51,47,34,44,48,62,0,45,50,2,34,48,46,62,0,50,47,2,34,38,34,35,0,28,38,29,34,41,33,34,0,52,25,38,34,38,41,34,0,28,52,38,35,21,22,25,29,0,35,49,44,9,34,31,29,30,0,15,9,33,34,41,21,29,0,52,35,9,34,31,41,29,0,15,52,9,34,29,27,28,0,9,20,19,34,25,26,27,0,44,31,20,34,29,25,27,0,9,44,20,35,22,23,24,25,0,49,48,53,44,35,33,41,31,32,0,25,52,15,26,34,20,21,43,0,34,35,54,34,21,42,43,0,35,41,54,34,38,36,42,0,28,55,41,34,21,41,38,0,35,52,28,34,21,38,42,0,35,28,41,35,16,17,39,40,0,39,40,42,27,35,40,39,36,38,0,27,42,55,28,34,39,42,36,0,42,41,55,34,37,43,42,0,24,54,41,35,19,20,43,37,0,23,34,54,24,35,61,62,22,21,0,3,2,49,35,34,47,25,24,0,56,44,53,34,45,5,6,0,57,58,43,34,47,6,25,0,56,43,44,34,47,51,49,0,56,59,60,34,49,45,6,0,60,57,43,34,47,49,6,0,56,60,43,35,24,23,46,47,0,53,48,47,56,35,4,5,45,44,0,46,58,57,45,35,30,11,15,1,0,33,10,13,12,35,47,46,50,51,0,56,47,51,59,34,51,50,48,0,59,51,50,34,44,45,48,0,45,57,50,34,49,51,48,0,60,59,50,34,45,49,48,0,57,60,50,34,28,10,29,0,19,7,9,34,53,9,10,0,17,32,7,34,28,55,53,0,19,18,17,34,28,53,10,0,19,17,7],
			"uvs"      : [],
			"normals"  : [-0.483169,0.425031,-0.765404,-0.667714,0.429548,-0.607929,-0.663198,0.372356,-0.64919,-0.477737,0.367687,-0.797815,0.827418,0.330332,0.454115,0.952086,0.29432,-0.082797,0.666829,0.436781,0.603748,0.254311,0.318644,0.913114,-0.080721,0.283944,0.955412,-0.018555,0.768578,0.639454,0.527726,0.39024,0.754418,0.946043,0.315195,0.07477,0.973876,0.218879,0.060121,0.899319,0.265572,0.347362,0.563494,0.356334,0.745293,0.140965,0.945128,0.294656,-0.562212,0.299356,0.770898,-0.182745,0.307352,0.933866,-0.129154,0.381481,0.915281,0.087893,0.79928,0.59444,-0.208411,0.879513,0.427778,0.558245,0.337382,-0.757958,-0.03122,0.391949,-0.919431,-0.01883,0.700308,-0.713553,0.369945,0.454146,-0.81048,0.532548,0.83813,0.117893,0.666646,0.597217,0.445967,0.704276,0.285775,-0.649831,0.140843,0.736686,-0.661367,0.564562,0.605731,-0.560625,-0.849422,0.231819,0.474013,-0.704001,0.616688,0.352214,-0.052828,0.251534,0.966399,0.384289,0.754814,0.53151,-0.180853,0.77575,-0.604541,-0.206061,0.733665,-0.647481,0.765069,0.278664,0.580493,0.975982,0.184362,-0.11594,0.70925,0.701071,0.073672,0.706961,0.356517,-0.610767,0.538224,0.347911,-0.767602,0.056459,0.694449,-0.717277,0.508133,0.229896,-0.829981,-0.92703,0.275185,0.254616,-0.212378,0.977081,-0.012024,-0.918912,0.310739,0.242897,-0.792383,0.326884,0.514969,-0.900266,0.380474,0.211524,-0.364635,0.900479,0.236976,-0.133854,0.868709,-0.476852,-0.907498,0.302988,-0.290872,-0.891995,0.337962,-0.30015,-0.202033,0.969085,0.141392,-0.354045,0.722648,0.593646,-0.063051,0.955992,-0.286416,0.027924,0.710898,-0.702719,-0.749901,0.288156,0.595447,-0.750786,0.229377,0.619404,-0.504562,0.171941,0.846034,-0.937956,0.325541,0.119266,-0.943052,0.284555,0.172216],
			
			"skinIndices"  : [],
			"skinWeights"  : [],
			"morphTargets" : [],
			
			"bones"      : [],
			"animations" : [],
			
			"colors"    : [],
			"materials" : [
				{
					"DbgColor": 15658734,
					"DbgIndex": 0,
					"DbgName": "default",
					"vertexColors": false
				}
			]


	}
