	{

		"metadata": {
			"formatVersion" : 3.1,
			"generatedBy"   : "Blender 2.7 Exporter",
			"vertices"      : 53,
			"faces"         : 83,
			"normals"       : 52,
			"colors"        : 0,
			"uvs"           : [],
			"materials"     : 1,
			"morphTargets"  : 0,
			"bones"         : 0
		},

			"scale" : 1.000000,
			
			"vertices" : [3.35091e-09,0,-1.42164,0.578234,0,-1.29873,1.05649,0,-0.951264,1.35206,0,-0.439312,1.41385,0,0.148602,1.23118,0,0.710821,0.83562,0,1.15013,0.295576,0,1.39058,-0.295576,0,1.39058,-0.835621,0,1.15013,-1.23118,0,0.710821,-1.41385,0,0.148602,-1.35206,0,-0.439312,-1.05649,0,-0.951265,-0.578234,0,-1.29874,1.23497,2.55971,0.4484,1.19276,2.56415,0.219989,1.23883,0.70139,0.562763,1.34186,0.69056,0.243897,0.187023,2.48556,0.468018,0.409977,2.87252,0.470704,0.431823,2.87252,0.588264,0.349112,2.87252,0.680124,0.236189,2.99664,0.775342,0.112579,2.99664,0.730401,-0.000343785,2.55858,0.680124,-0.147267,2.63794,0.727826,0.0332234,3.33811,0.808186,0.230795,3.33811,0.880018,0.411285,3.13973,0.727827,0.543486,3.13973,0.581002,0.508569,3.13973,0.393101,0.15221,2.52124,0.388807,-0.176854,0.779655,-0.409893,-0.272255,0.779655,-0.34058,-0.26917,0.619457,-0.238457,-0.0494524,0.410504,-0.123743,0.149237,0.340853,-0.288281,1.45881e-10,3.0902,-0.373362,0.414203,3.0902,-0.930315,0.756786,1.68217,-0.493607,0.043296,1.93229,0.0972442,0.807083,3.2579,0.106447,0.881922,3.2579,0.509178,0.598575,3.2579,0.823867,0.211728,3.6831,1.15006,-0.211728,3.6831,0.996102,-0.598575,2.1824,0.823867,-0.0615092,0.732955,-0.254795,-1.01278,2.68263,0.106447,-0.745709,2.68263,-0.31469,-0.756786,3.2579,-0.681413,-0.414203,3.2579,-0.930315],
			"faces"    : [34,0,13,14,0,0,1,2,34,11,12,13,0,3,4,1,34,9,10,11,0,5,6,3,34,7,8,9,0,7,8,5,34,5,6,7,0,9,10,7,34,3,4,5,0,11,12,9,34,1,2,3,0,13,14,11,34,0,1,13,0,0,13,1,34,9,11,13,0,5,3,1,34,5,7,9,0,9,7,5,34,1,3,5,0,13,11,9,34,1,9,13,0,13,5,1,34,1,5,9,0,13,9,5,35,42,41,32,31,0,15,16,17,18,34,45,27,46,0,19,20,21,34,44,29,28,0,22,23,24,34,45,28,27,0,19,24,20,34,45,44,28,0,19,22,24,34,25,20,19,0,25,26,27,34,22,21,20,0,28,29,26,34,24,23,22,0,30,31,28,34,25,24,20,0,25,30,26,34,24,22,20,0,30,28,26,34,27,25,26,0,20,25,32,34,28,23,24,0,24,31,30,34,27,24,25,0,20,30,25,34,27,28,24,0,20,24,30,35,31,32,19,20,0,18,17,27,26,35,32,26,25,19,0,17,32,25,27,35,30,31,20,21,0,33,18,26,29,34,47,32,41,0,34,17,16,34,46,27,26,0,21,20,32,34,47,26,32,0,34,32,17,34,47,46,26,0,34,21,32,34,3,18,4,0,11,35,12,34,42,16,18,0,15,36,35,34,3,41,42,0,11,16,15,34,3,42,18,0,11,15,35,34,39,37,40,0,37,38,39,34,38,48,37,0,40,41,38,34,39,38,37,0,37,40,38,34,43,17,15,0,42,43,44,34,6,5,17,0,10,9,43,34,43,44,6,0,42,22,10,34,43,6,17,0,42,10,43,35,9,47,41,10,0,5,34,16,6,35,10,41,49,11,0,6,16,45,3,34,52,34,33,0,46,47,48,34,50,35,34,0,49,47,47,34,52,51,50,0,46,50,49,34,52,50,34,0,46,49,47,35,38,52,33,48,0,40,46,48,41,34,28,22,23,0,24,28,31,34,30,21,22,0,33,29,28,34,28,29,22,0,24,23,28,34,29,30,22,0,23,33,28,34,49,35,50,0,45,47,49,34,33,34,35,0,48,47,47,34,36,37,48,0,51,38,41,34,48,33,35,0,41,48,47,34,49,41,35,0,45,16,47,34,41,36,48,0,16,51,41,34,41,48,35,0,16,41,47,35,41,40,37,36,0,16,39,38,51,34,43,29,44,0,42,23,22,34,42,31,30,0,15,18,33,34,43,30,29,0,42,33,23,34,43,42,30,0,42,15,33,35,0,38,39,1,0,0,40,37,13,35,1,39,40,2,0,13,37,39,14,35,2,40,41,3,0,14,39,16,11,35,42,43,15,16,0,15,42,44,36,35,6,44,45,7,0,10,22,19,7,35,7,45,46,8,0,7,19,21,8,35,8,46,47,9,0,8,21,34,5,35,11,49,50,12,0,3,45,49,4,35,12,50,51,13,0,4,49,50,1,35,38,0,14,52,0,40,0,2,46,35,13,51,52,14,0,1,50,46,2,34,16,15,17,0,36,44,43,34,5,4,17,0,9,12,43,34,18,16,17,0,35,36,43,34,4,18,17,0,12,35,43],
			"uvs"      : [],
			"normals"  : [0.011811,-0.624195,-0.781152,-0.653676,-0.625111,-0.426466,-0.073092,-0.650319,-0.756127,-0.629658,-0.704856,0.326579,-0.778161,-0.591754,-0.210303,-0.713034,-0.649586,0.263771,-0.607837,-0.704184,0.366894,0.166173,-0.645527,0.745415,-0.291665,-0.623554,0.725303,0.660054,-0.641133,0.39143,0.490585,-0.61745,0.614826,0.656636,-0.689749,-0.305032,0.604144,-0.700003,-0.380749,0.207984,-0.679312,-0.703726,0.787164,-0.5992,-0.145848,0.188665,0.752068,-0.631458,-0.087649,0.582537,-0.808039,-0.648885,0.664113,-0.371258,-0.713645,0.670949,-0.201178,0.32374,0.820521,0.471084,-0.151616,0.413953,-0.897549,-0.483352,0.868648,0.108463,0.495804,0.772057,0.397565,-0.35313,0.622181,-0.69866,-0.027009,0.440107,-0.897519,0.120609,0.83929,-0.530106,-0.851222,0.514206,0.104678,-0.288827,0.955748,-0.055391,-0.526231,0.389691,-0.75576,-0.708396,0.443434,-0.549089,-0.255226,0.377728,-0.890011,-0.402997,0.345439,-0.847468,-0.180853,0.416761,-0.890805,-0.674886,0.702445,-0.225959,-0.934965,0.329814,0.130406,0.873745,0.148442,-0.463149,0.824122,0.280526,-0.492019,0.374157,0.755089,-0.538316,-0.022248,0.555376,-0.831263,0.924131,0.377178,0.060671,-0.598102,0.801019,0.024781,0.539903,0.443037,0.715659,0.523179,0.815271,0.248115,0.875423,0.08533,0.475753,0.904996,0.205969,0.372143,-0.746879,0.653615,-0.122227,-0.046541,0.675588,-0.735771,0.925108,0.37962,-0.005432,0.392285,0.59389,0.702414,-0.352489,0.913236,-0.20426,-0.20072,0.925871,-0.320048,0.060579,0.338115,-0.939146],
			
			"skinIndices"  : [],
			"skinWeights"  : [],
			"morphTargets" : [],
			
			"bones"      : [],
			"animations" : [],
			
			"colors"    : [],
			"materials" : [
				{
					"DbgColor": 15658734,
					"DbgIndex": 0,
					"DbgName": "default",
					"vertexColors": false
				}
			]


	}
