	{

		"metadata": {
			"formatVersion" : 3.1,
			"generatedBy"   : "Blender 2.7 Exporter",
			"vertices"      : 97,
			"faces"         : 145,
			"normals"       : 96,
			"colors"        : 0,
			"uvs"           : [],
			"materials"     : 1,
			"morphTargets"  : 0,
			"bones"         : 0
		},

			"scale" : 1.000000,
			
			"vertices" : [3.35091e-09,0,-2.55146,-1.01492,1.05837,-1.71305,1.26478,0,-0.951264,1.35206,0,-0.439312,1.41385,0,0.148602,1.23118,0,0.710821,0.83562,0,1.15013,0.295576,0,2.44586,-0.675968,0,1.90637,-0.835621,0,1.15013,-1.23118,0,0.710821,-1.41385,0,0.148602,-1.62871,0,-0.439312,-1.41453,0,-0.951265,-1.30397,0,-2.08968,1.23497,2.55971,0.4484,1.19276,2.56415,0.219989,1.23883,0.70139,0.562763,1.34186,0.69056,0.243897,0.187023,2.48556,0.468018,0.409977,2.87252,0.470704,0.431823,2.87252,0.588264,0.349112,2.87252,0.680124,0.236189,2.99664,0.775342,0.112579,2.99664,0.730401,-0.000343785,2.55858,0.680124,-0.147267,2.63794,0.727826,0.0332234,2.77557,1.46975,0.230795,3.33811,0.880018,0.411285,3.13973,0.727827,0.543486,3.13974,0.581002,0.508569,3.13973,0.393101,0.15221,2.52124,0.388807,-0.176854,0.779655,-0.409893,-0.272255,0.779655,-0.34058,-0.26917,0.619457,-0.238457,-0.0494524,0.410504,-0.123743,0.149237,0.340853,-0.288281,1.45881e-10,3.0902,-1.19374,0.414203,3.0902,-0.930315,0.756786,1.68217,-0.493607,0.043296,1.93229,0.0972442,0.807083,3.2579,0.106447,0.881922,2.77616,0.509178,0.598575,1.52297,0.823867,0.211728,2.72311,1.81162,-0.211728,2.33244,1.65766,-0.598575,2.1824,0.823867,-0.0615092,0.732955,-0.254795,-1.01278,2.68263,0.106447,-0.745709,2.68263,-0.31469,-0.756786,3.2579,-0.681413,-0.414203,3.2579,-0.930315,2.10914e-09,1.19729,-2.02542,-0.81747,-0.0244327,-4.1386,-1.49809,0.685333,-3.57635,-1.69194,-0.0244327,-3.82893,-0.81747,0.778493,-3.78583,-1.17604,0.670953,-2.33439,-0.272596,0.79461,-2.61245,-0.272596,-0.00814772,-3.08071,-1.43334,-0.00814748,-2.66966,-0.326222,0.936978,-2.87712,-0.326222,0.0130968,-3.38504,-1.58526,0.0130968,-2.93917,-1.30617,0.80285,-2.86959,-6.09067,-0.0174401,5.74073,-5.52957,-0.0174401,5.74073,-6.09067,-0.0174406,-3.30054,-5.52957,-0.0174406,-3.30054,-6.09067,-0.0174401,5.0828,-5.52957,-0.0174401,5.10113,3.57683,0.826271,5.72193,3.57683,0.826271,5.08233,-6.25512,3.30338,5.74073,-5.69402,3.30338,5.74073,-6.25512,1.30393,-3.30054,-5.69402,1.30393,-3.30054,-6.25512,3.30338,5.0828,-5.69402,3.59008,5.10113,3.41239,1.12073,5.72193,3.41239,0.894353,5.08233,-5.69402,2.17253,-2.0386,-6.25512,2.17253,-2.0386,-5.69402,1.2865,1.27848,-6.25512,1.2865,1.27848,-5.69402,3.20141,3.54567,-6.25512,2.91472,3.47071,-4.2671,0.0995281,5.09853,-3.97932,2.82371,5.09882,-3.47502,2.87044,5.73738,-0.00187087,1.34203,5.08938,0.304586,0.523096,5.08909,-0.188123,1.21858,5.72936,-2.31552,2.70904,5.09416,-2.3154,2.37648,5.73376,-2.00906,0.308737,5.09386],
			"faces"    : [34,0,13,14,0,0,1,2,34,11,12,13,0,3,4,1,34,9,10,11,0,5,6,3,34,7,8,9,0,7,8,5,34,4,5,6,0,9,10,11,34,6,7,9,0,11,7,5,34,9,11,13,0,5,3,1,34,0,2,13,0,0,12,1,34,2,3,4,0,12,13,9,34,4,6,9,0,9,11,5,34,2,9,13,0,12,5,1,34,2,4,9,0,12,9,5,35,42,41,32,31,0,14,15,16,17,34,28,27,46,0,18,19,20,34,45,44,29,0,21,22,23,34,29,28,46,0,23,18,20,34,45,29,46,0,21,23,20,34,25,20,19,0,24,25,26,34,22,21,20,0,27,28,25,34,24,23,22,0,29,30,27,34,25,24,20,0,24,29,25,34,24,22,20,0,29,27,25,34,27,25,26,0,19,24,31,34,23,24,25,0,30,29,24,34,27,28,23,0,19,18,30,34,27,23,25,0,19,30,24,35,31,32,19,20,0,17,16,26,25,35,32,26,25,19,0,16,31,24,26,35,30,31,20,21,0,32,17,25,28,34,47,32,41,0,33,16,15,34,46,27,26,0,20,19,31,34,47,26,32,0,33,31,16,34,47,46,26,0,33,20,31,34,3,18,4,0,13,34,9,34,42,16,18,0,14,35,34,34,3,41,42,0,13,15,14,34,3,42,18,0,13,14,34,34,39,37,40,0,36,37,38,34,38,48,37,0,39,40,37,34,39,38,37,0,36,39,37,34,43,17,15,0,41,42,43,34,6,5,17,0,11,10,42,34,43,44,6,0,41,22,11,34,43,6,17,0,41,11,42,35,9,47,41,10,0,5,33,15,6,35,10,41,49,11,0,6,15,44,3,34,52,34,33,0,45,46,47,34,50,35,34,0,48,46,46,34,52,51,50,0,45,49,48,34,52,50,34,0,45,48,46,35,38,52,33,48,0,39,45,47,40,34,28,22,23,0,18,27,30,34,30,21,22,0,32,28,27,34,28,29,22,0,18,23,27,34,29,30,22,0,23,32,27,34,49,35,50,0,44,46,48,34,33,34,35,0,47,46,46,34,36,37,48,0,50,37,40,34,48,33,35,0,40,47,46,34,49,41,35,0,44,15,46,34,41,36,48,0,15,50,40,34,41,48,35,0,15,40,46,35,41,40,37,36,0,15,38,37,50,34,43,29,44,0,41,23,22,34,42,31,30,0,14,17,32,34,43,30,29,0,41,32,23,34,43,42,30,0,41,14,32,35,2,40,41,3,0,12,38,15,13,35,42,43,15,16,0,14,41,43,35,35,6,44,45,7,0,11,22,21,7,35,7,45,46,8,0,7,21,20,8,35,8,46,47,9,0,8,20,33,5,35,11,49,50,12,0,3,44,48,4,35,12,50,51,13,0,4,48,49,1,35,65,62,57,55,0,51,52,53,54,34,13,1,14,0,1,55,2,34,51,52,1,0,49,45,55,34,13,51,1,0,1,49,55,34,16,15,17,0,35,43,42,34,5,4,17,0,10,9,42,34,18,16,17,0,34,35,42,34,4,18,17,0,9,34,42,34,39,53,38,0,36,56,39,34,2,0,53,0,12,0,56,34,39,40,2,0,36,38,12,34,39,2,53,0,36,12,56,35,1,52,38,53,0,55,45,39,56,35,56,55,57,54,0,57,54,53,58,35,62,63,54,57,0,52,59,58,53,35,63,64,56,54,0,59,60,57,58,35,64,65,55,56,0,60,51,54,57,35,1,53,59,58,0,55,56,61,62,35,53,0,60,59,0,56,0,63,61,35,0,14,61,60,0,0,2,64,63,35,14,1,58,61,0,2,55,62,64,35,58,59,62,65,0,62,61,52,51,35,59,60,63,62,0,61,63,59,52,35,60,61,64,63,0,63,64,60,59,35,61,58,65,64,0,64,62,51,60,34,67,73,72,0,65,66,67,34,88,96,92,0,68,69,70,34,67,92,73,0,65,70,66,34,67,66,70,0,65,71,72,34,70,68,69,0,72,73,74,34,67,88,92,0,65,68,70,34,70,69,71,0,72,74,75,34,67,71,88,0,65,75,68,34,67,70,71,0,65,72,75,34,75,78,74,0,76,77,78,34,86,87,78,0,79,80,77,34,90,89,79,0,81,82,83,34,79,86,78,0,83,79,77,34,75,90,78,0,76,81,77,34,90,79,78,0,81,83,77,35,73,92,91,81,0,66,70,84,85,34,70,76,68,0,72,86,73,34,85,83,76,0,87,88,86,34,78,87,85,0,77,80,87,34,66,74,78,0,71,78,77,34,70,66,76,0,72,71,86,34,66,78,85,0,71,77,87,34,66,85,76,0,71,87,86,35,72,73,81,80,0,67,66,85,89,35,69,68,76,77,0,74,73,86,90,34,71,86,79,0,75,79,83,34,77,82,84,0,90,91,92,34,71,84,86,0,75,92,79,34,71,69,77,0,75,74,90,34,71,77,84,0,75,90,92,35,83,82,77,76,0,88,91,90,86,35,85,84,82,83,0,87,92,91,88,35,87,86,84,85,0,80,79,92,87,35,93,80,81,91,0,93,89,85,84,35,88,71,79,89,0,68,75,83,82,35,92,96,94,91,0,70,69,94,84,35,95,93,91,94,0,95,93,84,94,35,96,88,89,94,0,69,68,82,94,35,90,95,94,89,0,81,95,94,82,34,66,75,74,0,71,76,78,34,95,90,75,0,95,81,76,34,72,80,93,0,67,89,93,34,93,95,75,0,93,95,76,34,66,67,75,0,71,65,76,34,67,72,93,0,65,67,93,34,67,93,75,0,65,93,76],
			"uvs"      : [],