	{

		"metadata": {
			"formatVersion" : 3.1,
			"generatedBy"   : "Blender 2.7 Exporter",
			"vertices"      : 91,
			"faces"         : 140,
			"normals"       : 90,
			"colors"        : 0,
			"uvs"           : [],
			"materials"     : 1,
			"morphTargets"  : 0,
			"bones"         : 0
		},

			"scale" : 1.000000,
			
			"vertices" : [3.35091e-09,0,-2.55146,-1.01492,1.05837,-1.71305,1.26478,0,-0.951264,1.35206,0,-0.439312,1.41385,0,0.148602,1.23118,0,0.710821,0.83562,0,1.15013,0.295576,0,2.44586,-0.675968,0,1.90637,-0.835621,0,1.15013,-1.23118,0,0.710821,-1.41385,0,0.148602,-1.62871,0,-0.439312,-1.41453,0,-0.951265,-1.30397,0,-2.08968,1.23497,2.55971,0.4484,1.19276,2.56415,0.219989,1.23883,0.70139,0.562763,1.34186,0.69056,0.243897,0.187023,2.48556,0.468018,0.409977,2.87252,0.470704,0.431823,2.87252,0.588264,0.349112,2.87252,0.680124,0.236189,2.99664,0.775342,0.112579,2.99664,0.730401,-0.000343785,2.55858,0.680124,-0.147267,2.63794,0.727826,0.0332234,2.77557,1.46975,0.230795,3.33811,0.880018,0.411285,3.13973,0.727827,0.543486,3.13974,0.581002,0.508569,3.13973,0.393101,0.15221,2.52124,0.388807,-0.176854,0.779655,-0.409893,-0.272255,0.779655,-0.34058,-0.26917,0.619457,-0.238457,-0.0494524,0.410504,-0.123743,0.149237,0.340853,-0.288281,1.45881e-10,3.0902,-1.19374,0.414203,3.0902,-0.930315,0.756786,1.68217,-0.493607,0.043296,1.93229,0.0972442,0.807083,3.2579,0.106447,0.881922,2.77616,0.509178,0.598575,1.52297,0.823867,0.211728,2.72311,1.81162,-0.211728,2.33244,1.65766,-0.598575,2.1824,0.823867,-0.0615092,0.732955,-0.254795,-1.01278,2.68263,0.106447,-0.745709,2.68263,-0.31469,-0.756786,3.2579,-0.681413,-0.414203,3.2579,-0.930315,2.10914e-09,1.19729,-2.02542,-0.81747,-0.0244327,-4.1386,-1.49809,0.685333,-3.57635,-1.69194,-0.0244327,-3.82893,-0.81747,0.778493,-3.78583,-1.17604,0.670953,-2.33439,-0.272596,0.79461,-2.61245,-0.272596,-0.00814772,-3.08071,-1.43334,-0.00814748,-2.66966,-0.326222,0.936978,-2.87712,-0.326222,0.0130968,-3.38504,-1.58526,0.0130968,-2.93917,-1.30617,0.80285,-2.86959,-6.09067,-0.0174401,5.74073,-6.09067,-0.0174406,-3.30054,-5.52957,-0.0174406,-3.30054,-5.52957,-0.0174401,5.10113,3.57683,-0.0170591,5.72193,3.57683,-0.0170591,5.08233,-6.25512,3.30338,5.74073,-5.69402,2.97426,5.74073,-6.25512,1.30393,-3.30054,-5.69402,1.30393,-3.30054,-5.69402,3.59008,5.10113,3.41239,0.42732,5.72193,3.41239,0.200949,5.08233,-5.69402,2.17253,-2.0386,-6.25512,2.17253,-2.0386,-5.69402,0.0221081,1.27848,-6.25512,0.0221081,1.27848,-5.69402,3.20141,3.54567,-6.25512,2.91472,3.47071,-3.97932,2.82371,5.09882,-3.47502,2.57542,5.73738,-0.00187087,1.34203,5.08938,-0.188123,1.21858,5.72936,-2.31552,2.70904,5.09416,-2.3154,2.37648,5.73376],
			"faces"    : [35,42,41,32,31,0,0,1,2,3,34,28,27,46,0,4,5,6,34,45,44,29,0,7,8,9,34,29,28,46,0,9,4,6,34,45,29,46,0,7,9,6,34,25,20,19,0,10,11,12,34,22,21,20,0,13,14,11,34,24,23,22,0,15,16,13,34,25,24,20,0,10,15,11,34,24,22,20,0,15,13,11,34,27,25,26,0,5,10,17,34,23,24,25,0,16,15,10,34,27,28,23,0,5,4,16,34,27,23,25,0,5,16,10,35,31,32,19,20,0,3,2,12,11,35,32,26,25,19,0,2,17,10,12,35,30,31,20,21,0,18,3,11,14,34,47,32,41,0,19,2,1,34,46,27,26,0,6,5,17,34,47,26,32,0,19,17,2,34,47,46,26,0,19,6,17,34,3,18,4,0,20,21,22,34,42,16,18,0,0,23,21,34,3,41,42,0,20,1,0,34,3,42,18,0,20,0,21,34,39,37,40,0,24,25,26,34,38,48,37,0,27,28,25,34,39,38,37,0,24,27,25,34,43,17,15,0,29,30,31,34,6,5,17,0,32,33,30,34,43,44,6,0,29,8,32,34,43,6,17,0,29,32,30,35,9,47,41,10,0,34,19,1,35,35,10,41,49,11,0,35,1,36,37,34,52,34,33,0,38,39,40,34,50,35,34,0,41,39,39,34,52,51,50,0,38,42,41,34,52,50,34,0,38,41,39,35,38,52,33,48,0,27,38,40,28,34,28,22,23,0,4,13,16,34,30,21,22,0,18,14,13,34,28,29,22,0,4,9,13,34,29,30,22,0,9,18,13,34,49,35,50,0,36,39,41,34,33,34,35,0,40,39,39,34,36,37,48,0,43,25,28,34,48,33,35,0,28,40,39,34,49,41,35,0,36,1,39,34,41,36,48,0,1,43,28,34,41,48,35,0,1,28,39,35,41,40,37,36,0,1,26,25,43,34,43,29,44,0,29,9,8,34,42,31,30,0,0,3,18,34,43,30,29,0,29,18,9,34,43,42,30,0,29,0,18,35,2,40,41,3,0,44,26,1,20,35,42,43,15,16,0,0,29,31,23,35,6,44,45,7,0,32,8,7,45,35,7,45,46,8,0,45,7,6,46,35,8,46,47,9,0,46,6,19,34,35,11,49,50,12,0,37,36,41,47,35,12,50,51,13,0,47,41,42,48,35,65,62,57,55,0,49,50,51,52,34,13,1,14,0,48,53,54,34,51,52,1,0,42,38,53,34,13,51,1,0,48,42,53,34,16,15,17,0,23,31,30,34,5,4,17,0,33,22,30,34,18,16,17,0,21,23,30,34,4,18,17,0,22,21,30,34,39,53,38,0,24,55,27,34,2,0,53,0,44,56,55,34,39,40,2,0,24,26,44,34,39,2,53,0,24,44,55,35,1,52,38,53,0,53,38,27,55,35,56,55,57,54,0,57,52,51,58,35,62,63,54,57,0,50,59,58,51,35,64,65,55,56,0,60,49,52,57,35,1,53,59,58,0,53,55,61,62,35,53,0,60,59,0,55,56,63,61,34,11,12,13,0,37,47,48,34,61,64,56,0,64,60,57,34,11,13,14,0,37,48,54,34,61,56,54,0,64,57,58,34,10,11,14,0,35,37,54,34,61,54,14,0,64,58,54,34,54,63,60,0,58,59,63,34,0,2,3,0,56,44,20,34,54,60,14,0,58,63,54,34,0,3,4,0,56,20,22,34,60,0,14,0,63,56,54,34,9,10,14,0,34,35,54,34,7,8,9,0,45,46,34,34,4,5,6,0,22,33,32,34,6,7,9,0,32,45,34,34,0,9,14,0,56,34,54,34,0,4,6,0,56,22,32,34,0,6,9,0,56,32,34,35,14,1,58,61,0,54,53,62,64,35,58,59,62,65,0,62,61,50,49,35,59,60,63,62,0,61,63,59,50,35,61,58,65,64,0,64,62,49,60,34,66,71,70,0,65,66,67,34,67,68,69,0,68,69,70,34,66,69,71,0,65,70,66,34,66,67,69,0,65,68,70,34,73,84,72,0,71,72,73,34,76,83,84,0,74,75,72,34,86,85,76,0,76,77,74,34,73,76,84,0,71,74,72,34,73,86,76,0,71,76,74,34,80,74,67,0,78,79,68,34,66,72,84,0,65,73,72,34,82,80,67,0,80,78,68,34,66,84,82,0,65,72,80,34,66,82,67,0,65,80,68,35,70,71,78,77,0,67,66,81,82,35,68,67,74,75,0,69,68,79,83,34,69,83,76,0,70,75,74,34,75,79,81,0,83,84,85,34,69,81,83,0,70,85,75,34,68,75,81,0,69,83,85,34,69,68,81,0,70,69,85,35,80,79,75,74,0,78,84,83,79,35,82,81,79,80,0,80,85,84,78,35,84,83,81,82,0,72,75,85,80,35,88,77,78,87,0,86,82,81,87,35,90,88,87,89,0,88,86,87,89,34,71,87,78,0,66,87,81,34,85,89,87,0,77,89,87,34,69,76,85,0,70,74,77,34,71,69,87,0,66,70,87,34,69,85,87,0,70,77,87,35,86,90,89,85,0,76,88,89,77,34,66,73,72,0,65,71,73,34,88,90,86,0,86,88,76,34,66,86,73,0,65,76,71,34,66,70,77,0,65,67,82,34,66,88,86,0,65,86,76,34,66,77,88,0,65,82,86],
			"uvs"      : [],