{

		"metadata": {
			"formatVersion" : 3.1,
			"generatedBy"   : "Blender 2.7 Exporter",
			"vertices"      : 59,
			"faces"         : 72,
			"normals"       : 59,
			"colors"        : 0,
			"uvs"           : [],
			"materials"     : 1,
			"morphTargets"  : 0,
			"bones"         : 0
		},

			"scale" : 1.000000,
			
			"vertices" : [1.26478,0,-0.951264,1.41385,0,0.148602,1.23118,0,0.710821,0.83562,0,1.15013,0.295576,0,2.44586,-0.675968,0,1.90637,-0.835621,0,1.15013,-1.62871,0,-0.439312,1.23497,2.55971,0.4484,1.19276,2.56415,0.219989,1.23883,0.70139,0.562763,1.34186,0.69056,0.243897,0.756786,1.68217,-0.493607,0.043296,1.93229,0.0972442,0.807083,3.2579,0.106447,0.881922,2.77616,0.509178,0.598575,1.52297,0.823867,0.211728,2.72311,1.81162,-0.211728,2.33244,1.65766,-0.598575,2.1824,0.823867,-0.0615092,1.61993,-0.918887,-1.33405,2.68263,-0.654157,-0.81747,-0.0244327,-4.1386,-1.49809,0.685333,-3.57635,-1.69194,-0.0244327,-3.82893,-0.81747,0.778493,-3.78583,-1.17604,0.670953,-2.33439,-0.272596,0.79461,-2.61245,-0.272596,-0.00814772,-3.08071,-1.43334,-0.00814748,-2.66966,-0.326222,0.936978,-2.87712,-0.326222,0.0130968,-3.38504,-1.58526,0.0130968,-2.93917,-1.30617,0.80285,-2.86959,-6.09067,-0.0174401,5.74073,-6.09067,-0.0174406,-3.30054,-5.52957,-0.0174406,-3.30054,-5.52957,-0.0174401,5.10113,3.57683,-0.0170591,5.72193,3.57683,-0.0170591,5.08233,-6.25512,3.30338,5.74073,-5.69402,2.97426,5.74073,-6.25512,1.30393,-3.30054,-5.69402,1.30393,-3.30054,-5.69402,3.59008,5.10113,3.41239,0.42732,5.72193,3.41239,0.200949,5.08233,-5.69402,2.17253,-2.0386,-6.25512,2.17253,-2.0386,-5.69402,0.0221081,1.27848,-6.25512,0.0221081,1.27848,-5.69402,3.20141,3.54567,-6.25512,2.91472,3.47071,-3.97932,2.82371,5.09882,-3.47502,2.57542,5.73738,-0.00187087,1.34203,5.08938,-0.188123,1.21858,5.72936,-2.31552,2.70904,5.09416,-2.3154,2.37648,5.73376],
			"faces"    : [34,13,6,19,0,0,1,2,34,21,7,6,0,3,4,1,34,13,21,6,0,0,3,1,34,15,10,8,0,5,6,7,34,3,2,10,0,8,9,6,34,15,16,3,0,5,10,8,34,15,3,10,0,5,8,6,34,0,11,1,0,11,12,13,34,14,9,11,0,14,15,12,34,12,13,14,0,16,0,14,34,0,12,11,0,11,16,12,34,12,14,11,0,16,14,12,34,13,15,14,0,0,5,14,34,18,17,16,0,17,18,10,34,13,16,15,0,0,10,5,34,13,19,18,0,0,2,17,34,13,18,16,0,0,17,10,35,14,15,8,9,0,14,5,7,15,35,3,16,17,4,0,8,10,18,19,35,4,17,18,5,0,19,18,17,20,35,5,18,19,6,0,20,17,2,1,35,33,30,25,23,0,21,22,23,24,34,9,8,10,0,15,7,6,34,2,1,10,0,9,13,6,34,11,9,10,0,12,15,6,34,1,11,10,0,13,12,6,35,21,26,29,7,0,3,25,26,4,35,24,23,25,22,0,27,24,23,28,35,30,31,22,25,0,22,29,28,23,35,32,33,23,24,0,30,21,24,27,35,20,27,26,21,0,31,32,25,3,34,12,27,20,0,16,32,31,34,0,28,27,0,11,33,32,34,12,0,27,0,16,11,32,35,26,27,30,33,0,25,32,22,21,35,27,28,31,30,0,32,33,29,22,35,29,26,33,32,0,26,25,21,30,34,41,52,40,0,34,35,36,34,44,51,52,0,37,38,35,34,54,53,44,0,39,40,37,34,41,44,52,0,34,37,35,34,41,54,44,0,34,39,37,34,48,42,35,0,41,42,43,34,34,40,52,0,44,36,35,34,50,48,35,0,45,41,43,34,34,52,50,0,44,35,45,34,34,50,35,0,44,45,43,35,38,39,46,45,0,46,47,48,49,35,36,35,42,43,0,50,43,42,51,34,37,51,44,0,52,38,37,34,43,47,49,0,51,53,54,34,37,49,51,0,52,54,38,34,36,43,49,0,50,51,54,34,37,36,49,0,52,50,54,35,48,47,43,42,0,41,53,51,42,35,50,49,47,48,0,45,54,53,41,35,52,51,49,50,0,35,38,54,45,35,56,45,46,55,0,55,49,48,56,35,58,56,55,57,0,57,55,56,58,34,39,55,46,0,47,56,48,34,53,57,55,0,40,58,56,34,37,44,53,0,52,37,40,34,39,37,55,0,47,52,56,34,37,53,55,0,52,40,56,35,54,58,57,53,0,39,57,58,40,34,34,41,40,0,44,34,36,34,56,58,54,0,55,57,39,34,34,54,41,0,44,39,34,34,34,38,45,0,44,46,49,34,34,56,54,0,44,55,39,34,34,45,56,0,44,49,55,35,13,12,20,21,0,0,16,31,3],
			"uvs"      : [],
			"normals"  : [0.137181,0.974944,-0.175054,-0.883023,0.25544,0.393658,-0.700797,0.633747,0.327403,-0.595599,0.790155,-0.144475,-0.946135,0.268746,0.180456,0.358074,0.831843,0.423994,0.820002,0.1095,0.561724,0.795526,0.27781,0.538408,0.789209,0.154851,0.594256,0.789483,0.115848,0.60271,0.687704,0.354625,0.633442,0.698843,0.396802,-0.59508,0.946959,0.193121,-0.256783,0.931822,0.205481,-0.299051,0.534837,0.823908,-0.187323,0.910092,0.380627,-0.163762,0.660115,0.506577,-0.554613,-0.57976,0.595294,0.556291,0.127628,0.735893,0.664907,0.332194,0.252693,0.908719,-0.761864,0.198035,0.616657,-0.598743,0.774041,0.205725,0.564165,0.821497,-0.082553,0.23603,0.720634,-0.651875,-0.664205,0.666768,-0.337901,-0.720237,0.683737,-0.117191,-0.961272,0.214454,0.17307,-0.749138,0.417402,-0.514328,0.247383,0.407422,-0.879055,0.896847,0.200446,-0.394299,-0.935606,0.252449,0.246651,0.458083,0.72515,-0.514054,0.596179,0.721274,-0.352489,0.917905,0.241859,-0.314463,-0.04236,0.609607,0.791559,-0.714255,0.615345,-0.333354,-0.61861,0.539872,0.570788,0.578845,0.733238,-0.3567,0.635884,0.759392,-0.137516,0.034639,0.570666,0.820429,-0.019288,0.853145,-0.521256,-0.626362,0.779473,-0.005219,-0.644398,0.32725,-0.691092,-0.680349,-0.062166,-0.730216,-0.688955,-0.063234,0.722007,-0.6433,0.752708,-0.139836,0.735008,0.364177,0.571917,0.74395,0.369854,-0.556536,0.497757,0.546648,-0.67333,0.471603,0.647206,0.598895,0.727744,0.067385,-0.682485,0.582904,0.403333,-0.705344,0.688803,0.063875,-0.722098,0.573351,0.819086,-0.017823,0.513901,0.844539,-0.150304,0.257179,0.597095,0.759819,0.28367,0.72393,-0.628803,0.19715,0.564684,0.801386,0.249672,0.821314,-0.512894],
			
			"skinIndices"  : [],
			"skinWeights"  : [],
			"morphTargets" : [],
			
			"bones"      : [],
			"animations" : [],
			
			"colors"    : [],
			"materials" : [
				{
					"DbgColor": 15658734,
					"DbgIndex": 0,
					"DbgName": "default",
					"vertexColors": false
				}
			]


	}
