{
    "normals":[0.0287495,-0.237915,0.97086,0.019266,-0.621967,0.782806,0.794412,-0.607379,3.76636e-08,0.863168,-0.367229,-0.346531,0.019266,-0.621968,-0.782806,-0.452353,-0.891839,0,-0.286159,-0.347378,-0.892996,-0.394079,-0.633321,-0.666038,0.708625,-0.646142,-0.28346,0.0287495,-0.237916,-0.97086,-0.739511,-0.673145,0,0.986984,0.104254,0.122444,0.735944,-0.0102726,-0.676964,0.847367,0.507128,0.157449,0.910334,0.144539,0.387815,0.804623,0.486087,0.341031,0.773426,-0.536891,0.336988,0.903622,-0.209679,0.373498,-0.626542,0.0359638,-0.778558,-0.715498,0.0432694,-0.697273,-0.898866,0.0579496,-0.434376,0.759349,-0.650184,0.025513,0.968927,-0.229667,0.0918364,0.0171489,-0.999853,3.24985e-08,-0.394079,-0.633321,0.666038,-0.286159,-0.347378,0.892996,4.50511e-09,1,-2.91853e-07,0,1,-0,-1.50847e-08,1,7.0324e-09,8.79717e-08,1,9.12278e-08,0,1,0,-1.45802e-08,1,-7.57908e-10,7.26132e-09,1,-6.55127e-08,0.863168,-0.367229,0.346531,-0.668935,-0.493073,0.556241,-0.655049,-0.330861,-0.679295,-0.668935,-0.493073,-0.556241,0.708625,-0.646142,0.28346,-0.655049,-0.330861,0.679295,0.986984,0.104254,-0.122444,0.735944,-0.0102726,0.676964,0.847367,0.507128,-0.157449,0.910334,0.144539,-0.387815,0.804623,0.486087,-0.341031,0.773426,-0.53689,-0.336988,0.903622,-0.209679,-0.373498,-0.715407,0.0461221,0.697184,-0.626391,0.0421358,0.77837,-0.725157,0.0416245,0.687324,0.759349,-0.650184,-0.025513,0.968927,-0.229667,-0.0918364,0.942971,-0.332876,1.54434e-08],
    "metadata":{
        "normals":52,
        "vertices":55,
        "faces":53,
        "type":"Geometry",
        "uvs":1,
        "version":3,
        "generator":"io_three"
    },
    "faces":[41,29,28,32,30,0,1,2,3,0,0,0,0,41,27,31,30,32,4,5,3,2,1,1,1,1,41,24,31,7,1,6,7,8,9,2,2,2,2,41,0,1,6,5,10,11,12,13,3,3,3,3,41,7,3,8,6,14,15,16,17,4,4,4,4,41,27,34,10,3,18,19,20,21,5,5,5,5,41,4,8,9,2,22,16,23,24,6,6,6,6,41,8,3,10,9,16,15,25,23,7,7,7,7,40,7,6,1,26,12,11,8,8,8,41,4,5,6,8,22,27,17,16,9,9,9,9,40,34,26,10,19,28,20,10,10,10,41,45,44,19,13,29,30,31,32,11,11,11,11,41,36,12,11,38,33,34,35,36,12,12,12,12,41,44,41,20,19,30,37,38,31,13,13,13,13,41,13,19,17,18,32,31,39,40,14,14,14,14,41,19,20,15,17,31,38,41,39,15,15,15,15,41,21,22,16,14,42,43,44,45,16,16,16,16,41,22,13,18,16,43,32,40,44,17,17,17,17,40,41,39,11,46,47,48,18,18,18,40,11,12,35,48,49,50,19,19,19,40,41,11,35,46,48,50,20,20,20,41,39,43,22,21,51,52,43,42,21,21,21,21,41,43,45,13,22,52,29,32,43,22,22,22,22,41,31,27,3,7,53,18,21,54,23,23,23,23,41,32,33,34,27,2,55,56,4,24,24,24,24,41,25,33,32,28,57,55,2,1,25,25,25,25,40,25,28,29,66,58,59,26,26,26,40,29,23,0,59,60,61,27,27,27,40,0,5,4,61,62,63,28,28,28,40,4,2,26,63,64,65,29,29,29,40,26,25,29,65,66,59,30,30,30,40,29,0,4,59,61,63,31,31,31,40,29,4,26,59,63,65,32,32,32,41,23,29,30,24,67,68,69,6,33,33,33,33,40,33,26,34,55,70,56,34,34,34,40,26,2,9,71,24,23,35,35,35,40,9,10,26,23,25,71,36,36,36,40,31,24,30,7,6,69,37,37,37,40,25,26,33,57,70,55,38,38,38,41,39,37,38,11,72,73,74,75,27,27,27,27,41,45,42,51,44,76,77,78,79,39,39,39,39,41,36,38,37,40,80,81,82,83,40,40,40,40,41,44,51,52,41,79,78,84,85,41,41,41,41,41,42,50,49,51,77,86,87,78,42,42,42,42,41,51,49,47,52,78,87,88,84,43,43,43,43,41,53,46,48,54,89,90,91,92,44,44,44,44,41,54,48,50,42,92,91,86,77,45,45,45,45,40,41,35,40,93,94,95,46,46,46,40,40,37,39,95,96,97,47,47,47,40,41,40,39,93,95,97,48,48,48,41,39,53,54,43,98,89,92,99,49,49,49,49,41,43,54,42,45,99,92,77,76,50,50,50,50,41,0,23,24,1,100,67,6,9,51,51,51,51],
    "uvs":[[0.831253,0.151373,0.446517,0.165816,0.448433,0.0831924,0.822518,0.0817472,0.431632,0.015169,0.78454,0.016091,0.876138,0.0746338,0.877317,0.0158946,0.931642,0.015109,0.966335,0.0733293,0.868362,0.178182,0.868362,0.254556,0.849206,0.251415,0.850252,0.177572,0.783336,0.334325,0.430436,0.336858,0.446926,0.268758,0.821014,0.268496,0.478716,0.431591,0.327923,0.415077,0.327875,0.387914,0.478609,0.370863,0.444633,0.186144,0.320398,0.241829,0.335661,0.195575,0.302501,0.277291,0.865219,0.314335,0.829432,0.198831,0.254044,0.401627,0.227705,0.798354,0.232057,0.685497,0.370587,0.685911,0.36474,0.791822,0.966236,0.512893,0.985846,0.511557,0.985846,0.972923,0.980697,0.97335,0.261214,0.578125,0.397466,0.599581,0.515056,0.683235,0.519785,0.789633,0.52088,0.60752,0.395601,0.961395,0.374532,0.892074,0.517635,0.886261,0.52088,0.95044,0.880051,0.578992,0.880299,0.964493,0.87445,0.964539,0.859082,0.524146,0.880299,0.523275,0.272682,0.98226,0.240208,0.904108,0.958478,0.430405,0.958372,0.370344,0.322029,0.110699,0.30397,0.075319,0.337502,0.156882,0.202315,0.200178,0.1831,0.753331,0.166659,0.761141,0.0356557,0.761141,0.0192152,0.753331,0,0.200178,0.0294797,0.0757419,0.101157,0,0.172835,0.0757419,0.870549,0.149387,0.8521,0.148668,0.85644,0.0763163,0.235436,0.132077,0.233709,0.220846,0.890032,0.490294,0.895854,0.49123,0.895854,0.496833,0.890381,0.496289,0.839124,0.80273,0.702217,0.793931,0.698123,0.687938,0.836641,0.689817,0.931159,0.97006,0.945619,0.509604,0.950768,0.51003,0.950768,0.971397,0.672676,0.601175,0.809264,0.581977,0.547229,0.789177,0.553718,0.682872,0.549148,0.607071,0.668553,0.96297,0.543473,0.949944,0.547779,0.885828,0.690767,0.894008,0.919381,0.906869,0.919629,0.962586,0.898413,0.961715,0.913781,0.521322,0.919629,0.521368,0.79111,0.985867,0.824873,0.908263,0.989041,0.147674]],
    "vertices":[11.3317,2.8932,-1.93912,10.5793,0.761881,-1.47609,-8.58089,2.8932,-2.12195,-4.99902,-1.07907,-0.898906,-4.9657,2.8932,-2.99467,11.1048,2.8932,-2.42583,10.4143,0.824996,-2.03241,9.36008,-0.832788,-0.889035,-5.07488,0.527716,-2.32527,-8.84913,1.74029,-1.30175,-9.02385,0.962379,-0.402068,1.18273,16.3441,-0.109388,0.701426,2.8932,-0.4502,-1.32067,11.2528,-4.32777,1.94677,15.7555,-7.82343,1.9961,5.72222,-7.82342,0.937828,14.0038,-8.24748,0.844399,8.07473,-8.22543,0.39469,11.2528,-8.61059,-0.931866,8.11641,-4.32777,0.797693,5.41751,-4.32777,0.626506,16.0156,-4.32777,-0.709541,14.123,-4.32777,11.3317,2.8932,1.93912,10.5793,0.761882,1.47609,-8.58089,2.8932,2.12195,-10.7814,2.8932,-1.26466e-07,-4.99902,-1.07907,0.898906,-4.9657,2.8932,2.99467,11.1048,2.8932,2.42583,10.4143,0.824996,2.03241,9.36008,-0.832788,0.889035,-5.07488,0.527716,2.32527,-8.84913,1.74029,1.30175,-9.02385,0.962379,0.402068,0.262693,2.8932,-1.26466e-07,1.0956,2.8932,-1.26466e-07,1.18273,16.3441,0.109387,1.3033,16.3441,-7.14422e-07,1.0468,16.3441,-7.14422e-07,0.701426,2.8932,0.4502,0.372316,4.59358,-2.00792e-07,-1.32067,11.2528,4.32777,-1.01652,14.2665,-6.23609e-07,-1.50582,7.92281,-3.46317e-07,-1.80006,11.2528,-4.91877e-07,1.94677,15.7555,7.82342,1.9961,5.72222,7.82342,0.937828,14.0038,8.24748,0.844399,8.07473,8.22543,0.39469,11.2528,8.61059,-0.931866,8.11641,4.32777,0.797693,5.41751,4.32777,0.626506,16.0156,4.32777,-0.709541,14.123,4.32777]
}