	{

		"metadata": {
			"formatVersion" : 3.1,
			"generatedBy"   : "Blender 2.7 Exporter",
			"vertices"      : 15,
			"faces"         : 16,
			"normals"       : 15,
			"colors"        : 0,
			"uvs"           : [],
			"materials"     : 1,
			"morphTargets"  : 0,
			"bones"         : 0
		},

			"scale" : 1.000000,
			
			"vertices" : [-1.5111e-09,0,-1.0961,1.04245,0,-0.338713,0.644271,0,0.886763,-0.644271,0,0.886763,-1.04245,0,-0.338713,-1.02615,4.26262,-0.333416,0.63945,4.26262,0.856722,1.02615,4.26262,-0.333416,-0.390241,5.41501,0.535115,-0.0182671,4.26262,-1.07082,-0.246557,6.09375,0.336171,-0.00873959,6.07725,-0.420508,0.248942,6.07725,0.33467,-0.403609,6.07725,-0.131605,0.400443,6.07725,-0.131605],
			"faces"    : [35,6,8,3,2,0,0,1,2,3,34,0,3,4,0,4,2,5,34,1,2,3,0,6,3,2,34,0,1,3,0,4,6,2,35,7,6,2,1,0,7,0,3,6,35,1,0,9,7,0,6,4,8,7,35,9,0,4,5,0,8,4,5,9,35,5,4,3,8,0,9,5,2,1,34,13,14,11,0,10,11,12,34,10,12,14,0,13,14,11,34,13,10,14,0,10,13,11,35,5,8,10,13,0,9,1,13,10,35,7,9,11,14,0,7,8,12,11,35,8,6,12,10,0,1,0,14,13,35,6,7,14,12,0,0,7,11,14,35,9,5,13,11,0,8,9,10,12],
			"uvs"      : [],
			"normals"  : [0.545854,0.139561,0.826136,-0.562792,0.263039,0.783593,-0.487777,-0.551408,0.676748,0.431135,-0.599353,0.674429,-0.002075,-0.593249,-0.804987,-0.774346,-0.600635,-0.198859,0.763909,-0.59447,-0.251045,0.936613,0.165136,-0.308969,-0.007202,0.163915,-0.986419,-0.956206,0.138524,-0.25779,-0.659108,0.720573,-0.215094,0.65746,0.719321,-0.224158,-0.000793,0.719565,-0.694388,-0.396252,0.732566,0.553423,0.412091,0.720786,0.557329],
			
			"skinIndices"  : [],
			"skinWeights"  : [],
			"morphTargets" : [],
			
			"bones"      : [],
			"animations" : [],
			
			"colors"    : [],
			"materials" : [
				{
					"DbgColor": 15658734,
					"DbgIndex": 0,
					"DbgName": "default",
					"vertexColors": false
				}
			]


	}
