	{

		"metadata": {
			"formatVersion" : 3.1,
			"generatedBy"   : "Blender 2.7 Exporter",
			"vertices"      : 19,
			"faces"         : 25,
			"normals"       : 19,
			"colors"        : 0,
			"uvs"           : [],
			"materials"     : 1,
			"morphTargets"  : 0,
			"bones"         : 0
		},

			"scale" : 1.000000,
			
			"vertices" : [-1.5111e-09,0,-1.0961,1.04245,0,-0.338713,0.644271,0,0.886763,-0.644271,0,0.886763,-1.04245,0,-0.338713,5.19708e-08,6.60568,-0.953972,5.1879e-08,6.59909,-0.953972,0.907281,6.60568,-0.294794,0.560731,6.60568,0.771779,-0.560731,6.60568,0.771779,-0.907281,6.60568,-0.294794,5.12051e-08,6.69008,-1.07896,0.63945,6.69008,0.856722,1.02615,6.69008,-0.333416,0.634195,6.69008,0.872894,-0.634195,6.69008,0.872894,-1.02615,6.69008,-0.333416,2.38419e-08,7.52827,-3.37019e-07,-0.0182671,6.69008,-1.07082],
			"faces"    : [34,4,6,0,0,0,1,2,34,10,5,6,0,3,4,1,34,4,10,6,0,0,3,1,35,3,9,10,4,0,5,6,3,0,34,0,3,4,0,2,5,0,34,1,2,3,0,7,8,5,34,0,1,3,0,2,7,5,35,2,8,9,3,0,8,9,6,5,35,16,17,11,18,0,10,11,12,13,35,10,16,18,5,0,3,10,13,4,35,1,7,8,2,0,7,14,9,8,34,5,7,6,0,4,14,1,34,11,13,7,0,12,15,14,34,5,18,11,0,4,13,12,34,5,11,7,0,4,12,14,34,16,15,17,0,10,16,11,34,15,14,17,0,16,17,11,35,14,12,13,17,0,17,18,15,11,34,13,11,17,0,15,12,11,35,10,9,15,16,0,3,6,16,10,34,9,14,15,0,6,17,16,34,8,12,14,0,9,18,17,34,9,8,14,0,6,9,17,35,8,7,13,12,0,9,14,15,18,35,1,0,6,7,0,7,2,1,14],
			"uvs"      : [],
			"normals"  : [-0.769494,-0.587634,-0.250038,-0.063875,-0.231025,-0.970824,0,-0.587603,-0.809107,-0.790857,-0.556383,-0.25486,-0.173315,-0.665334,-0.726127,-0.47557,-0.587603,0.654592,-0.488266,-0.554857,0.673544,0.769494,-0.587634,-0.250038,0.47557,-0.587603,0.654592,0.481796,-0.552385,0.680227,-0.951323,-0.028565,-0.306833,0.000275,0.999969,0.000366,0.290201,0.03824,-0.956175,-0.286325,-0.04648,-0.956999,0.792688,-0.550768,-0.261238,0.949339,-0.021699,-0.313456,-0.586657,-0.027009,0.809351,0.313669,0.05179,0.948088,0.789056,-0.042177,0.612842],
			
			"skinIndices"  : [],
			"skinWeights"  : [],
			"morphTargets" : [],
			
			"bones"      : [],
			"animations" : [],
			
			"colors"    : [],
			"materials" : [
				{
					"DbgColor": 15658734,
					"DbgIndex": 0,
					"DbgName": "default",
					"vertexColors": false
				}
			]


	}
