{
    "uvs":[[0,0.730401,0.0487806,0.18902,0.201219,0.18902,0.25,0.730401,0.75,0.720063,0.798781,0.190601,0.951219,0.190601,1,0.720063,0.25,0.720063,0.29878,0.190601,0.451219,0.190601,0.5,0.720063,0.5,0.720063,0.548781,0.190601,0.701219,0.190601,0.75,0.720063,0.711132,0.166635,0.538868,0.166635,0.53448,0,0.71552,0,0.288868,0.166635,0.461132,0.166635,0.788868,0.166635,0.961132,0.166635,0.0388679,0.166748,0.211132,0.166748,0.441103,0.733549,0.260063,0.733549,0.451166,0.720063,0.78448,0,0.96552,0,0.28448,1.36653e-07,0.46552,0,0.0344802,0,0.21552,0,0.100143,0.730401,0.100143,1,0.0974264,1,0.0974264,0.730401,0.441103,0.976176,0.451166,0.989662,0.260063,0.976176,0.25,0.989662,0.10286,0.730401,0.10286,1,0.565694,0.720063,0.565694,0.989662,0.562962,0.989662,0.562962,0.720063,0.665837,0.720063,0.665837,0.989662,0.66312,0.989662,0.66312,0.720063,0.565694,0.854863,0.451166,0.854863,0.200286,0.865201,0,0.865201]],
    "faces":[41,0,1,3,2,0,1,2,3,0,0,0,0,41,2,3,7,6,4,5,6,7,1,1,1,1,41,6,7,5,4,8,9,10,11,2,2,2,2,41,1,0,4,5,14,15,12,13,3,3,3,3,41,8,11,15,12,16,17,18,19,4,4,4,4,41,5,7,10,11,10,9,20,21,5,5,5,5,41,7,3,9,10,6,5,22,23,6,6,6,6,41,1,5,11,8,14,13,17,16,7,7,7,7,41,3,1,8,9,2,1,24,25,8,8,8,8,41,14,13,17,18,26,27,8,28,9,9,9,9,41,10,9,13,14,23,22,29,30,10,10,10,10,41,11,10,14,15,21,20,31,32,11,11,11,11,41,9,8,12,13,25,24,33,34,12,12,12,12,41,18,17,21,22,35,36,37,38,13,13,13,13,41,15,14,18,19,39,26,28,40,14,14,14,14,41,13,12,16,17,27,41,42,8,15,15,15,15,41,12,15,19,16,41,39,40,42,16,16,16,16,41,16,19,23,20,36,35,43,44,17,17,17,17,41,17,16,20,21,45,46,47,48,18,18,18,18,41,19,18,22,23,49,50,51,52,19,19,19,19,40,23,22,24,52,51,53,20,20,20,40,21,20,24,48,47,54,21,21,21,40,20,23,24,44,43,55,22,22,22,40,22,21,24,38,37,56,23,23,23],
    "metadata":{
        "faces":24,
        "generator":"io_three",
        "vertices":25,
        "uvs":1,
        "version":3,
        "type":"Geometry",
        "normals":24
    },
    "normals":[-0.992744,0.120244,0,0,0.120244,-0.992744,0.992744,0.120244,0,0,0.120244,0.992744,0,-0.0351935,0.999381,0.862663,-0.50578,0,0,-0.50578,-0.862663,0,-0.50578,0.862663,-0.862663,-0.50578,0,0,-0.984709,-0.174207,0,-0.0351936,-0.999381,0.999381,-0.0351935,0,-0.999381,-0.0351935,0,0,-0,-1,0.174207,-0.984709,0,-0.174207,-0.984709,0,0,-0.984709,0.174207,0,0,1,-1,-0,0,1,0,0,0.73486,0.678218,-0,-0.73486,0.678218,0,0,0.678218,0.73486,0,0.678218,-0.73486],
    "vertices":[-1.16911,-0.0337433,1.31495,-0.71287,3.733,0.858711,-1.16911,-0.0337434,-1.02327,-0.71287,3.733,-0.567029,1.16911,-0.0337433,1.31495,0.71287,3.733,0.858711,1.16911,-0.0337434,-1.02327,0.71287,3.733,-0.567029,-0.805582,3.89113,0.951423,-0.805582,3.89113,-0.659741,0.805582,3.89113,-0.659741,0.805582,3.89113,0.951423,-0.84662,5.05647,0.99246,-0.84662,5.05647,-0.700779,0.84662,5.05647,-0.700779,0.84662,5.05647,0.99246,-0.940738,5.07312,1.08658,-0.940738,5.07312,-0.794897,0.940738,5.07312,-0.794897,0.940738,5.07312,1.08658,-0.940738,5.09868,1.08658,-0.940738,5.09868,-0.794897,0.940738,5.09868,-0.794897,0.940738,5.09868,1.08658,0,6.11799,0.145841]
}