	{

		"metadata": {
			"formatVersion" : 3.1,
			"generatedBy"   : "Blender 2.7 Exporter",
			"vertices"      : 19,
			"faces"         : 18,
			"normals"       : 19,
			"colors"        : 0,
			"uvs"           : [],
			"materials"     : 1,
			"morphTargets"  : 0,
			"bones"         : 0
		},

			"scale" : 1.000000,
			
			"vertices" : [0,-4.37114e-08,-1,-0.642788,-3.34849e-08,-0.766044,-0.984808,-7.5904e-09,-0.173648,-0.866025,2.18557e-08,0.5,-0.34202,4.10753e-08,0.939693,0.34202,4.10753e-08,0.939693,0.866025,2.18557e-08,0.5,0.984808,-7.5904e-09,-0.173648,0.642788,-3.34849e-08,-0.766044,1.48424e-08,3.5031,-0.737035,-0.473757,3.5031,-0.564602,-0.725838,3.5031,-0.127985,-0.638291,3.5031,0.368518,-0.252081,3.5031,0.692586,0.252081,3.5031,0.692586,0.638291,3.5031,0.368517,0.725838,3.5031,-0.127985,0.473757,3.5031,-0.564602,5.96046e-08,4.79997,-1.89945e-07],
			"faces"    : [35,8,0,9,17,0,0,1,2,3,35,7,8,17,16,0,4,0,3,5,35,6,7,16,15,0,6,4,5,7,35,5,6,15,14,0,8,6,7,9,35,4,5,14,13,0,10,8,9,11,35,3,4,13,12,0,12,10,11,13,35,2,3,12,11,0,14,12,13,15,35,1,2,11,10,0,16,14,15,17,35,0,1,10,9,0,1,16,17,2,34,17,9,18,0,3,2,18,34,16,17,18,0,5,3,18,34,15,16,18,0,7,5,18,34,14,15,18,0,9,7,18,34,13,14,18,0,11,9,18,34,12,13,18,0,13,11,18,34,11,12,18,0,15,13,18,34,10,11,18,0,17,15,18,34,9,10,18,0,2,17,18],
			"uvs"      : [],
			"normals"  : [0.64098,0.074831,-0.763878,0,0.074831,-0.997192,0,0.279031,-0.960265,0.617237,0.279031,-0.735588,0.982025,0.074831,-0.173132,0.945677,0.279031,-0.166723,0.863582,0.074831,0.498581,0.831599,0.279031,0.480117,0.341044,0.074831,0.93704,0.32841,0.279031,0.902341,-0.341044,0.074831,0.93704,-0.32841,0.279031,0.902341,-0.863582,0.074831,0.498581,-0.831599,0.279031,0.480117,-0.982025,0.074831,-0.173132,-0.945677,0.279031,-0.166723,-0.64098,0.074831,-0.763878,-0.617237,0.279031,-0.735588,0,1,0],
			
			"skinIndices"  : [],
			"skinWeights"  : [],
			"morphTargets" : [],
			
			"bones"      : [],
			"animations" : [],
			
			"colors"    : [],
			"materials" : [
				{
					"DbgColor": 15658734,
					"DbgIndex": 0,
					"DbgName": "default",
					"vertexColors": false
				}
			]


	}
