	{

		"metadata": {
			"formatVersion" : 3.1,
			"generatedBy"   : "Blender 2.7 Exporter",
			"vertices"      : 76,
			"faces"         : 88,
			"normals"       : 76,
			"colors"        : 0,
			"uvs"           : [],
			"materials"     : 1,
			"morphTargets"  : 0,
			"bones"         : 0
		},

			"scale" : 1.000000,
			
			"vertices" : [3.35091e-09,0,-1.42164,-1.80357e-09,5.23951,-0.773058,0.578234,0,-1.29873,0.314431,5.23951,-0.706224,1.05649,0,-0.951264,0.574494,5.23951,-0.517277,1.35206,0,-0.439312,0.735222,5.23951,-0.238888,1.41385,0,0.148602,0.768823,5.23951,0.0808064,1.23118,0,0.710821,0.669488,5.23951,0.386529,0.83562,0,1.15013,0.454392,5.23951,0.625417,0.295576,0,1.39058,0.160728,5.23951,0.756165,-0.295576,0,1.39058,-0.160728,5.23951,0.756165,-0.835621,0,1.15013,-0.454392,5.23951,0.625417,-1.23118,0,0.710821,-0.669488,5.23951,0.386529,-1.41385,0,0.148602,-0.768823,5.23951,0.0808062,-1.35206,0,-0.439312,-0.735222,5.23951,-0.238888,-1.05649,0,-0.951265,-0.574494,5.23951,-0.517277,-0.578234,0,-1.29874,-0.314431,5.23951,-0.706224,3.33305e-08,5.2664,-0.953972,0.388015,5.2664,-0.871497,0.708939,5.2664,-0.638332,0.907281,5.2664,-0.294794,0.948746,5.2664,0.099717,0.826164,5.2664,0.476986,0.560731,5.2664,0.771779,0.198342,5.2664,0.933125,-0.198342,5.2664,0.933125,-0.560731,5.2664,0.771779,-0.826164,5.2664,0.476986,-0.948746,5.2664,0.0997169,-0.907281,5.2664,-0.294794,-0.708939,5.2664,-0.638332,-0.388015,5.2664,-0.871497,5.19708e-08,6.60568,-0.953972,0.388015,6.60568,-0.871497,0.708939,6.60568,-0.638332,0.907281,6.60568,-0.294794,0.948746,6.60568,0.099717,0.826164,6.60568,0.476986,0.560731,6.60568,0.771779,0.198342,6.60568,0.933125,-0.198342,6.60568,0.933125,-0.560731,6.60568,0.771779,-0.826164,6.60568,0.476986,-0.948746,6.60568,0.0997168,-0.907281,6.60568,-0.294794,-0.708939,6.60568,-0.638332,-0.388015,6.60568,-0.871497,5.12051e-08,6.5587,-1.07896,0.438851,6.5587,-0.985676,0.801821,6.5587,-0.721963,1.02615,6.5587,-0.333416,1.07305,6.5587,0.112781,0.934404,6.5587,0.539478,0.634195,6.5587,0.872894,0.224328,6.5587,1.05538,-0.224328,6.5587,1.05538,-0.634195,6.5587,0.872894,-0.934404,6.5587,0.539478,-1.07305,6.5587,0.112781,-1.02615,6.5587,-0.333416,-0.801821,6.5587,-0.721963,-0.438851,6.5587,-0.985676,2.38419e-08,7.10888,-3.18686e-07],
			"faces"    : [35,0,1,3,2,0,0,1,2,3,35,2,3,5,4,0,3,2,4,5,35,4,5,7,6,0,5,4,6,7,35,6,7,9,8,0,7,6,8,9,35,8,9,11,10,0,9,8,10,11,35,10,11,13,12,0,11,10,12,13,35,12,13,15,14,0,13,12,14,15,35,14,15,17,16,0,15,14,16,17,35,16,17,19,18,0,17,16,18,19,35,18,19,21,20,0,19,18,20,21,35,20,21,23,22,0,21,20,22,23,35,22,23,25,24,0,23,22,24,25,35,24,25,27,26,0,25,24,26,27,35,1,29,44,30,0,1,28,29,30,35,1,0,28,29,0,1,0,31,28,35,26,27,29,28,0,27,26,28,31,34,0,26,28,0,0,27,31,34,22,24,26,0,23,25,27,34,18,20,22,0,19,21,23,34,14,16,18,0,15,17,19,34,10,12,14,0,11,13,15,34,6,8,10,0,7,9,11,34,2,4,6,0,3,5,7,34,0,2,26,0,0,3,27,34,18,22,26,0,19,23,27,34,10,14,18,0,11,15,19,34,2,6,10,0,3,7,11,34,2,18,26,0,3,19,27,34,2,10,18,0,3,11,19,35,30,44,59,45,0,30,29,32,33,35,29,27,43,44,0,28,26,34,29,35,27,25,42,43,0,26,24,35,34,35,25,23,41,42,0,24,22,36,35,35,23,21,40,41,0,22,20,37,36,35,21,19,39,40,0,20,18,38,37,35,19,17,38,39,0,18,16,39,38,35,17,15,37,38,0,16,14,40,39,35,15,13,36,37,0,14,12,41,40,35,13,11,35,36,0,12,10,42,41,35,11,9,34,35,0,10,8,43,42,35,9,7,33,34,0,8,6,44,43,35,7,5,32,33,0,6,4,45,44,35,5,3,31,32,0,4,2,46,45,35,3,1,30,31,0,2,1,30,46,35,45,59,74,60,0,33,32,47,48,35,44,43,58,59,0,29,34,49,32,35,43,42,57,58,0,34,35,50,49,35,42,41,56,57,0,35,36,51,50,35,41,40,55,56,0,36,37,52,51,35,40,39,54,55,0,37,38,53,52,35,39,38,53,54,0,38,39,54,53,35,38,37,52,53,0,39,40,55,54,35,37,36,51,52,0,40,41,56,55,35,36,35,50,51,0,41,42,57,56,35,35,34,49,50,0,42,43,58,57,35,34,33,48,49,0,43,44,59,58,35,33,32,47,48,0,44,45,60,59,35,32,31,46,47,0,45,46,61,60,35,31,30,45,46,0,46,30,33,61,35,59,58,73,74,0,32,49,62,47,35,58,57,72,73,0,49,50,63,62,35,57,56,71,72,0,50,51,64,63,35,56,55,70,71,0,51,52,65,64,35,55,54,69,70,0,52,53,66,65,35,54,53,68,69,0,53,54,67,66,35,53,52,67,68,0,54,55,68,67,35,52,51,66,67,0,55,56,69,68,35,51,50,65,66,0,56,57,70,69,35,50,49,64,65,0,57,58,71,70,35,49,48,63,64,0,58,59,72,71,35,48,47,62,63,0,59,60,73,72,35,47,46,61,62,0,60,61,74,73,35,46,45,60,61,0,61,33,48,74,34,60,74,75,0,48,47,75,34,74,73,75,0,47,62,75,34,73,72,75,0,62,63,75,34,72,71,75,0,63,64,75,34,71,70,75,0,64,65,75,34,70,69,75,0,65,66,75,34,69,68,75,0,66,67,75,34,68,67,75,0,67,68,75,34,67,66,75,0,68,69,75,34,66,65,75,0,69,70,75,34,65,64,75,0,70,71,75,34,64,63,75,0,71,72,75,34,63,62,75,0,72,73,75,34,62,61,75,0,73,74,75,34,61,60,75,0,74,48,75],
			"uvs"      : [],
			"normals"  : [0,-0.616718,-0.787164,0,-0.653981,-0.756493,0.307688,-0.653981,-0.691092,0.32017,-0.616718,-0.719108,0.562181,-0.653981,-0.50618,0.584979,-0.616718,-0.526719,0.719474,-0.653981,-0.233772,0.74865,-0.616718,-0.243233,0.752342,-0.653981,0.079073,0.782861,-0.616718,0.082278,0.655141,-0.653981,0.378246,0.681692,-0.616718,0.393567,0.444655,-0.653981,0.612018,0.462661,-0.616718,0.63683,0.157262,-0.653981,0.739952,0.16364,-0.616718,0.769951,-0.157262,-0.653981,0.739952,-0.16364,-0.616718,0.769951,-0.444655,-0.653981,0.612018,-0.462691,-0.616718,0.63683,-0.655141,-0.653981,0.378246,-0.681692,-0.616718,0.393567,-0.752342,-0.653981,0.079073,-0.782861,-0.616718,0.082278,-0.719474,-0.653981,-0.233772,-0.74865,-0.616718,-0.243233,-0.562181,-0.653981,-0.50618,-0.584979,-0.616718,-0.526719,-0.307688,-0.653981,-0.691092,-0.321268,-0.613178,-0.721641,0,-0.613178,-0.789911,-0.32017,-0.616718,-0.719108,-0.197577,-0.87405,-0.4438,0,-0.87405,-0.485794,-0.587024,-0.613178,-0.52855,-0.751274,-0.613178,-0.244087,-0.785607,-0.613178,0.082553,-0.684103,-0.613178,0.39494,-0.464309,-0.613178,0.639058,-0.16422,-0.613178,0.772668,0.16422,-0.613178,0.772668,0.464309,-0.613178,0.639058,0.684103,-0.613178,0.39494,0.785607,-0.613178,0.082553,0.751274,-0.613178,-0.244087,0.587024,-0.613178,-0.52855,0.321268,-0.613178,-0.721641,-0.379162,-0.361827,-0.851619,0,-0.361827,-0.932218,-0.361003,-0.87405,-0.325053,-0.46202,-0.87405,-0.150121,-0.483139,-0.87405,0.050752,-0.420698,-0.87405,0.242897,-0.285531,-0.87405,0.393017,-0.100986,-0.87405,0.475173,0.100986,-0.87405,0.475173,0.285531,-0.87405,0.393017,0.420698,-0.87405,0.242897,0.483139,-0.87405,0.050752,0.46202,-0.87405,-0.150121,0.361003,-0.87405,-0.325053,0.197577,-0.87405,-0.4438,-0.69277,-0.361827,-0.623768,-0.886593,-0.361827,-0.288064,-0.927122,-0.361827,0.097415,-0.807337,-0.361827,0.466109,-0.54796,-0.361827,0.754173,-0.193823,-0.361827,0.911863,0.193793,-0.361827,0.911863,0.54796,-0.361827,0.754173,0.807337,-0.361827,0.466109,0.927122,-0.361827,0.097446,0.886593,-0.361827,-0.288064,0.69277,-0.361827,-0.623768,0.379162,-0.361827,-0.851619,0,1,0],
			
			"skinIndices"  : [],
			"skinWeights"  : [],
			"morphTargets" : [],
			
			"bones"      : [],
			"animations" : [],
			
			"colors"    : [],
			"materials" : [
				{
					"DbgColor": 15658734,
					"DbgIndex": 0,
					"DbgName": "default",
					"vertexColors": false
				}
			]


	}
