	{

		"metadata": {
			"formatVersion" : 3.1,
			"generatedBy"   : "Blender 2.7 Exporter",
			"vertices"      : 20,
			"faces"         : 21,
			"normals"       : 20,
			"colors"        : 0,
			"uvs"           : [],
			"materials"     : 1,
			"morphTargets"  : 0,
			"bones"         : 0
		},

			"scale" : 1.000000,
			
			"vertices" : [-1.5111e-09,0,-1.0961,1.04245,0,-0.338713,0.644271,0,0.886763,-0.644271,0,0.886763,-1.04245,0,-0.338713,-0.627913,3.65759,-0.202654,0.63945,4.26262,0.856722,1.02615,4.26262,-0.333416,0.38619,3.65759,0.534135,-0.634195,4.26262,0.872894,-1.02615,4.26262,-0.333416,-0.0182671,4.26262,-1.07082,-0.388516,3.65759,0.534135,0.625587,3.65759,-0.202654,0.625587,4.22561,-0.202654,0.38619,4.22561,0.534135,-0.388516,4.22561,0.534135,-0.627913,4.22561,-0.202654,-0.0123201,3.65759,-0.653047,-0.01232,4.22561,-0.653047],
			"faces"    : [35,6,9,3,2,0,0,1,2,3,34,0,3,4,0,4,2,5,34,1,2,3,0,6,3,2,34,0,1,3,0,4,6,2,35,7,6,2,1,0,7,0,3,6,35,15,16,9,6,0,8,9,1,0,35,1,0,11,7,0,6,4,10,7,35,0,4,10,11,0,4,5,11,10,35,7,11,19,14,0,7,10,12,13,35,10,9,16,17,0,11,1,9,14,35,11,10,17,19,0,10,11,14,12,35,14,15,6,7,0,13,8,0,7,35,3,9,10,4,0,2,1,11,5,35,15,14,13,8,0,8,13,15,16,35,16,15,8,12,0,9,8,16,17,35,17,16,12,5,0,14,9,17,18,35,14,19,18,13,0,13,12,19,15,34,8,5,12,0,16,18,17,34,13,18,5,0,15,19,18,34,8,13,5,0,16,15,18,35,19,17,5,18,0,12,14,18,19],
			"uvs"      : [],
			"normals"  : [0.461379,0.624256,0.63039,-0.458937,0.62093,0.635426,-0.470595,-0.59444,0.652028,0.474532,-0.593036,0.650441,-0.002075,-0.593249,-0.804987,-0.765191,-0.594104,-0.247932,0.763909,-0.59447,-0.251045,0.745018,0.620472,-0.244728,-0.326609,0.830103,-0.451888,0.326914,0.830226,-0.45146,-0.004303,0.623615,-0.781701,-0.744713,0.622211,-0.241279,0.004334,0.829157,0.558946,-0.525468,0.832575,0.175024,0.530534,0.830195,0.171087,-0.76281,0.594806,0.253548,-0.472091,0.595691,-0.6498,0.472091,0.595691,-0.6498,0.764153,0.595904,0.246864,0.006745,0.596332,0.802667],
			
			"skinIndices"  : [],
			"skinWeights"  : [],
			"morphTargets" : [],
			
			"bones"      : [],
			"animations" : [],
			
			"colors"    : [],
			"materials" : [
				{
					"DbgColor": 15658734,
					"DbgIndex": 0,
					"DbgName": "default",
					"vertexColors": false
				}
			]


	}
