	{

		"metadata": {
			"formatVersion" : 3.1,
			"generatedBy"   : "Blender 2.7 Exporter",
			"vertices"      : 29,
			"faces"         : 35,
			"normals"       : 29,
			"colors"        : 0,
			"uvs"           : [],
			"materials"     : 1,
			"morphTargets"  : 0,
			"bones"         : 0
		},

			"scale" : 1.000000,
			
			"vertices" : [-1.5111e-09,0,-1.0961,-1.80357e-09,5.23951,-0.773058,1.04245,0,-0.338713,0.735222,5.23951,-0.238888,0.644271,0,0.886763,0.454392,5.23951,0.625417,-0.644271,0,0.886763,-0.454392,5.23951,0.625417,-1.04245,0,-0.338713,-0.735222,5.23951,-0.238888,3.33305e-08,5.2664,-0.953972,0.907281,5.2664,-0.294794,0.560731,5.2664,0.771779,-0.560731,5.2664,0.771779,-0.907281,5.2664,-0.294794,5.19708e-08,6.60568,-0.953972,5.1879e-08,6.59909,-0.953972,0.907281,6.60568,-0.294794,0.560731,6.60568,0.771779,-0.560731,6.60568,0.771779,-0.907281,6.60568,-0.294794,5.12051e-08,6.69008,-1.07896,0.63945,6.69008,0.856722,1.02615,6.69008,-0.333416,0.634195,6.69008,0.872894,-0.634195,6.69008,0.872894,-1.02615,6.69008,-0.333416,2.38419e-08,7.52827,-3.37019e-07,-0.0182671,6.69008,-1.07082],
			"faces"    : [35,5,7,6,4,0,0,1,2,3,35,3,5,4,2,0,4,0,3,5,35,7,9,8,6,0,1,6,7,2,35,0,8,9,1,0,8,7,6,9,35,9,14,10,1,0,6,10,11,9,35,7,13,14,9,0,1,12,10,6,34,0,6,8,0,8,2,7,34,2,4,6,0,5,3,2,34,0,2,6,0,8,5,2,35,14,13,19,20,0,10,12,13,14,35,5,12,13,7,0,0,15,12,1,35,3,11,12,5,0,4,16,15,0,35,1,10,11,3,0,9,11,16,4,35,26,27,21,28,0,17,18,19,20,35,20,26,28,15,0,14,17,20,21,35,13,12,18,19,0,12,15,22,13,35,12,11,17,18,0,15,16,23,22,35,16,17,11,10,0,24,23,16,11,35,2,0,1,3,0,5,8,9,4,34,15,17,16,0,21,23,24,34,21,23,17,0,19,25,23,34,15,28,21,0,21,20,19,34,15,21,17,0,21,19,23,34,26,25,27,0,17,26,18,34,25,24,27,0,26,27,18,35,24,22,23,27,0,27,28,25,18,34,23,21,27,0,25,19,18,34,14,16,10,0,10,24,11,34,20,15,16,0,14,21,24,34,14,20,16,0,10,14,24,35,20,19,25,26,0,14,13,26,17,34,19,24,25,0,13,27,26,34,18,22,24,0,22,28,27,34,19,18,24,0,13,22,27,35,18,17,23,22,0,22,23,25,28],
			"uvs"      : [],
			"normals"  : [0.361522,-0.788476,0.497574,-0.361522,-0.788476,0.497574,-0.481887,-0.572588,0.663259,0.481887,-0.572588,0.663259,0.584948,-0.788476,-0.190039,0.779687,-0.572588,-0.253334,-0.584948,-0.788476,-0.190039,-0.779687,-0.572588,-0.253334,0,-0.572588,-0.819819,0,-0.788476,-0.61504,-0.792627,-0.552599,-0.257546,0,-0.552599,-0.83343,-0.489853,-0.552599,0.674245,-0.48497,-0.563189,0.668996,-0.785516,-0.564684,-0.253121,0.489853,-0.552599,0.674245,0.792627,-0.552599,-0.257546,-0.951323,-0.028565,-0.306833,0.000275,0.999969,0.000366,0.290201,0.03824,-0.956175,-0.286325,-0.04648,-0.956999,-0.172704,-0.668508,-0.723319,0.47853,-0.560747,0.67568,0.787408,-0.559099,-0.259499,-0.06766,-0.246742,-0.966704,0.949339,-0.021699,-0.313456,-0.586657,-0.027009,0.809351,0.313669,0.05179,0.948088,0.789056,-0.042177,0.612842],
			
			"skinIndices"  : [],
			"skinWeights"  : [],
			"morphTargets" : [],
			
			"bones"      : [],
			"animations" : [],
			
			"colors"    : [],
			"materials" : [
				{
					"DbgColor": 15658734,
					"DbgIndex": 0,
					"DbgName": "default",
					"vertexColors": false
				}
			]


	}
