	{

		"metadata": {
			"formatVersion" : 3.1,
			"generatedBy"   : "Blender 2.7 Exporter",
			"vertices"      : 31,
			"faces"         : 19,
			"normals"       : 29,
			"colors"        : 0,
			"uvs"           : [],
			"materials"     : 1,
			"morphTargets"  : 0,
			"bones"         : 0
		},

			"scale" : 1.000000,
			
			"vertices" : [-1,4.37114e-08,1,1,4.96405e-09,0.113564,-1,-4.37114e-08,-1,-0.723195,4.22168,0.60051,0.446391,4.379,0.0821289,-0.723195,4.379,-0.569076,-0.723195,4.22168,0.60051,0.446391,4.379,0.0821289,-0.723195,4.379,-0.569076,-0.767184,10.0777,0.738237,-0.0969069,10.1679,0.633835,-0.767184,10.1679,0.0679599,-0.875222,13.6389,0.546225,-0.800368,3.15814,-0.689216,-0.800368,3.04468,0.711887,0.600735,3.15814,0.0908929,-2.29493,0.202368,2.86887,-1.84547,0.724135,-2.76567,3.1404,0.724135,0.0103699,0.97777,3.00256,2.78883,0.723752,3.50186,-1.61777,-2.27308,3.27618,0.00897584,-0.964713,7.11016,0.253892,-0.169014,6.98657,0.713289,-0.062285,7.11016,-0.286023,-1.76542,6.58652,2.19449,-1.24608,5.92262,-1.33609,1.26873,6.08804,-0.0557326,0.228887,9.54877,-0.778863,-1.52377,9.54877,0.563686,0.362321,9.30774,1.46325],
			"faces"    : [34,0,2,1,0,0,1,2,35,4,5,8,7,0,3,4,5,5,35,18,17,5,4,0,6,7,4,3,35,16,18,4,3,0,8,6,3,9,35,17,16,3,5,0,7,8,9,4,35,27,26,11,10,0,10,11,12,13,35,3,4,7,6,0,9,3,5,5,35,5,3,6,8,0,4,9,5,5,34,29,30,12,0,14,15,16,35,25,27,10,9,0,17,10,13,18,35,26,25,9,11,0,11,17,18,12,34,28,29,12,0,19,14,16,34,30,28,12,0,15,19,16,35,2,0,14,13,0,1,0,20,21,35,1,2,13,15,0,2,1,21,22,35,0,1,15,14,0,0,2,22,20,35,21,19,23,22,0,23,24,25,26,35,19,20,24,23,0,24,27,28,25,35,20,21,22,24,0,27,23,26,28],
			"uvs"      : [],
			"normals"  : [-0.467879,-0.516831,0.71688,-0.437452,-0.512864,-0.738609,0.862056,-0.505142,0.040529,0.460616,0.35081,0.815302,-0.423231,0.633259,0.647938,0,0,1,0.793237,0.603748,0.078921,-0.447218,0.571337,-0.688131,-0.459914,0.541734,0.703513,-0.219764,0.263283,0.939329,0.911374,0.355449,-0.207373,-0.322214,0.377636,-0.868038,-0.383526,0.376232,-0.84341,0.939604,0.34135,0.024628,-0.974303,0.155156,0.163182,0.56682,0.322459,0.75808,-0.125706,0.991485,0.033326,-0.547166,0.343822,0.763115,-0.528581,0.343272,0.77636,0.494949,0.385815,-0.778527,-0.542711,0.111881,0.832392,-0.465102,0.117038,-0.877468,0.991913,0.126743,0.000336,-0.936735,0.349803,-0.011231,0.35902,0.455397,0.814661,0.36784,0.455794,0.81048,-0.932035,0.351115,-0.089328,0.478133,0.42732,-0.767296,0.410627,0.425611,-0.80636],
			
			"skinIndices"  : [],
			"skinWeights"  : [],
			"morphTargets" : [],
			
			"bones"      : [],
			"animations" : [],
			
			"colors"    : [],
			"materials" : [
				{
					"DbgColor": 15658734,
					"DbgIndex": 0,
					"DbgName": "default",
					"vertexColors": false
				}
			]


	}
