{

		"metadata": {
			"formatVersion" : 3.1,
			"generatedBy"   : "Blender 2.7 Exporter",
			"vertices"      : 73,
			"faces"         : 112,
			"normals"       : 73,
			"colors"        : 0,
			"uvs"           : [],
			"materials"     : 1,
			"morphTargets"  : 0,
			"bones"         : 0
		},

			"scale" : 1.000000,
			
			"vertices" : [0.530414,-0.268798,0.860488,1.44023,5.91963,-0.167671,2.06148,-0.268798,0.860488,0.502261,11.4007,-1.90997,1.83609,7.49932,-3.10491e-08,-0.0237347,2.039,-1.38889,1.97461,10.7382,-0.222535,2.62583,8.66398,-0.905251,4.98295,11.7948,-0.818143,0.977031,10.7601,1.56503e-07,2.39183,0.545052,0.481678,0.376367,0.756383,-1.1444,0.0314986,-0.268798,-2.09126,0.988032,5.91963,-1.26802,1.57233,8.2815,-1.00642,1.97461,10.3726,-0.987772,3.74609,11.7948,-1.37104,0.906119,10.7601,-1.00642,1.93097,0.924433,-1.88388,1.52237,0.807142,-1.1444,0.213352,10.502,-1.43954,0.280759,11.3951,0.393418,-0.455619,0.358204,-2.45823,-0.456024,-0.109502,1.14275,0.432556,-0.268798,-3.02168,2.17345,-0.268798,-2.46912,0.350034,0.287765,-2.48479,0.638128,0.521252,0.595382,1.90518,0.588824,0.300493,1.62109,2.08976,-1.38889,0.238026,1.80387,0.350893,1.50508,1.87145,0.350893,-1.44534,-0.268798,0.860488,-2.35515,5.91963,-0.167671,-2.9764,-0.268798,0.860488,-1.41718,11.4007,-1.90997,-2.75102,7.49932,-3.10491e-08,-0.891189,2.039,-1.38889,-2.88953,10.7382,-0.222535,-3.54075,8.66398,-0.905251,-5.89787,11.7948,-0.818143,-1.89195,10.7601,1.56503e-07,-3.30675,0.545052,0.481678,-0.457462,5.91963,0.453249,-0.457462,12.7103,-2.0325,-0.457462,9.75398,0.689405,-0.457462,10.7601,0.482518,-1.29129,0.756383,-1.1444,-0.457462,12.6607,-0.466665,-0.946422,-0.268798,-2.09126,-1.90296,5.91963,-1.26802,-2.48725,8.2815,-1.00642,-2.88953,10.3726,-0.987772,-4.66102,11.7948,-1.37104,-1.82104,10.7601,-1.00642,-2.84589,0.924433,-1.88388,-0.457462,5.88696,-1.74378,-0.457462,9.88358,-0.578592,-2.4373,0.807142,-1.1444,-1.12828,10.502,-1.43954,-0.457462,11.3416,-0.446236,-1.19568,11.3951,0.393418,-0.457462,12.0384,0.239868,-0.459305,0.358204,-2.45823,-0.4589,-0.109502,1.14275,-1.34748,-0.268798,-3.02168,-3.08837,-0.268798,-2.46912,-1.26496,0.287765,-2.48479,-1.55305,0.521252,0.595382,-2.8201,0.588824,0.300493,-2.53601,2.08976,-1.38889,-1.15295,1.80387,0.350893,-2.42,1.87145,0.350893],
			"faces"    : [34,1,13,18,0,0,1,2,34,4,45,9,0,3,4,5,34,6,8,4,0,6,7,3,34,1,4,14,0,0,3,8,34,57,56,17,0,9,10,11,34,15,14,16,0,12,8,13,34,12,24,26,0,14,15,16,34,11,12,26,0,17,14,16,34,10,1,18,0,18,0,2,34,19,26,25,0,19,16,20,34,6,15,16,0,6,12,13,35,19,28,31,29,0,19,21,22,23,34,6,9,17,0,6,5,11,34,57,17,20,0,9,11,24,34,46,62,21,0,25,26,27,34,1,10,23,0,0,18,28,34,19,11,26,0,19,17,16,34,2,12,0,0,29,14,30,34,25,24,12,0,20,15,14,34,2,25,12,0,29,20,14,34,27,0,11,0,31,30,17,35,0,27,28,2,0,30,31,21,29,34,17,56,15,0,11,10,12,34,4,9,6,0,3,5,6,34,15,6,17,0,12,6,11,34,8,7,4,0,7,32,3,34,60,57,20,0,33,9,24,34,4,1,43,0,3,0,34,34,45,46,9,0,4,25,5,34,56,14,15,0,10,8,12,34,25,26,24,0,20,16,15,34,18,13,22,0,2,1,35,34,28,19,2,0,21,19,29,34,0,12,11,0,30,14,17,35,28,27,30,31,0,21,31,36,22,35,27,11,5,30,0,31,17,37,36,35,11,19,29,5,0,17,19,23,37,34,2,19,25,0,29,19,20,34,9,48,17,0,5,38,11,34,3,48,44,0,39,38,40,34,17,48,3,0,11,38,39,34,48,9,21,0,38,5,27,34,62,48,21,0,26,38,27,34,13,1,14,0,1,0,8,34,13,56,22,0,1,10,35,34,13,14,56,0,1,8,10,34,43,45,4,0,34,4,3,34,1,23,43,0,0,28,34,34,9,46,21,0,5,25,27,34,60,20,44,0,33,24,40,34,20,3,44,0,24,39,40,34,20,17,3,0,24,11,39,34,8,6,16,0,7,6,13,34,4,7,14,0,3,32,8,34,8,16,7,0,7,13,32,34,14,7,16,0,8,32,13,34,33,55,50,0,41,42,43,34,36,41,45,0,44,45,4,34,38,36,40,0,46,44,47,34,33,51,36,0,41,48,44,34,57,54,56,0,9,49,10,34,52,53,51,0,50,51,48,34,49,67,65,0,52,53,54,34,47,67,49,0,55,53,52,34,42,55,33,0,56,42,41,34,58,66,67,0,57,58,53,34,38,53,52,0,46,51,50,35,58,70,72,69,0,57,59,60,61,34,38,54,41,0,46,49,45,34,57,59,54,0,9,62,49,34,46,61,62,0,25,63,26,34,33,64,42,0,41,64,56,34,58,67,47,0,57,53,55,34,34,65,66,0,65,54,58,34,32,49,65,0,66,52,54,34,34,32,65,0,65,66,54,34,68,47,32,0,67,55,66,35,69,68,32,34,0,61,67,66,65,34,54,52,56,0,49,50,10,34,36,38,41,0,44,46,45,34,52,54,38,0,50,49,46,34,40,36,39,0,47,44,68,34,60,59,57,0,33,62,9,34,36,43,33,0,44,34,41,34,45,41,46,0,4,45,25,34,56,52,51,0,10,50,48,34,66,65,67,0,58,54,53,34,55,63,50,0,42,69,43,34,69,34,58,0,61,65,57,34,32,47,49,0,66,55,52,35,69,72,71,68,0,61,60,70,67,35,68,71,37,47,0,67,70,71,55,35,47,37,70,58,0,55,71,59,57,34,34,66,58,0,65,58,57,34,41,54,48,0,45,49,38,34,35,44,48,0,72,40,38,34,54,35,48,0,49,72,38,34,48,61,41,0,38,63,45,34,62,61,48,0,26,63,38,34,50,51,33,0,43,48,41,34,50,63,56,0,43,69,10,34,50,56,51,0,43,10,48,34,43,36,45,0,34,44,4,34,33,43,64,0,41,34,64,34,41,61,46,0,45,63,25,34,60,44,59,0,33,40,62,34,59,44,35,0,62,40,72,34,59,35,54,0,62,72,49,34,40,53,38,0,47,51,46,34,36,51,39,0,44,48,68,34,40,39,53,0,47,68,51,34,51,53,39,0,48,51,68],
			"uvs"      : [],
			"normals"  : [-0.899106,0.016968,-0.437391,-0.641438,-0.062899,0.76458,-0.694327,-0.189886,0.694113,-0.80105,0.300882,-0.517441,0,-0.090701,-0.995849,-0.506241,-0.514847,-0.691824,-0.02411,-0.756981,-0.652974,-0.881161,-0.469161,-0.058412,-0.447798,0.257851,0.856136,0,-0.050172,0.998718,0,-0.103427,0.994629,-0.601794,-0.42027,0.679098,0.147038,-0.440962,0.885372,0.001312,-0.762383,0.647084,0.844569,0.523057,0.114231,0.287698,0.313028,0.905087,0.443983,-0.724052,0.527818,0.897366,-0.250069,0.363536,-0.728446,-0.207831,-0.652791,-0.739738,-0.458846,0.492111,-0.746361,0.261971,0.611805,-0.865902,-0.226508,-0.445906,-0.724387,-0.151372,-0.672536,-0.633625,0.067507,0.770684,0.113468,0.696463,0.708548,0,-0.099429,-0.995025,0,-0.605701,-0.795679,-0.476272,-0.322611,-0.817957,-0.218879,-0.140996,-0.965484,-0.6274,0.399945,-0.668111,0.543107,0.416791,-0.728874,0.569323,-0.216346,-0.793085,-0.558,0.534196,0.634999,0,0.429518,0.903043,0,-0.002625,-0.999969,-0.21836,-0.149663,0.964293,0.734031,0.169012,-0.657735,0.667531,0.335887,0.664479,0,-0.968291,-0.249763,-0.569079,-0.07831,0.818506,0,-0.717643,0.696371,0.899106,0.016968,-0.437391,0.694327,-0.189886,0.694113,0.641438,-0.062899,0.76458,0.80105,0.300882,-0.517441,0.506241,-0.514847,-0.691824,0.02411,-0.756981,-0.652974,0.881161,-0.469161,-0.058412,0.447798,0.257851,0.856136,0.601794,-0.42027,0.679098,-0.147038,-0.440962,0.885372,-0.001312,-0.762383,0.647084,-0.844569,0.523057,0.114231,-0.443983,-0.724052,0.527818,-0.287698,0.313028,0.905087,-0.897366,-0.250069,0.363536,0.728446,-0.207831,-0.652791,0.739738,-0.458846,0.492111,0.746361,0.261971,0.611805,0.633625,0.067507,0.770684,0.724387,-0.151372,-0.672536,0.865902,-0.226508,-0.445906,-0.113468,0.696463,0.708548,0.476272,-0.322611,-0.817957,0.218879,-0.140996,-0.965484,0.6274,0.399945,-0.668111,-0.543107,0.416791,-0.728874,-0.569323,-0.216346,-0.793085,0.558,0.534196,0.634999,0.21836,-0.149663,0.964293,-0.734031,0.169012,-0.657735,-0.667531,0.335887,0.664479,0.569079,-0.07831,0.818506],
			
			"skinIndices"  : [],
			"skinWeights"  : [],
			"morphTargets" : [],
			
			"bones"      : [],
			"animations" : [],
			
			"colors"    : [],
			"materials" : [
				{
					"DbgColor": 15658734,
					"DbgIndex": 0,
					"DbgName": "default",
					"vertexColors": false
				}
			]


	}
