{
    "normals":[-0.311944,-0.0280149,0.949687,-0.0193353,-0.00519712,0.9998,-0.265209,-0.0712847,0.961552,-0.313739,-0.0826558,-0.945905,-0.907623,0.184644,0.376997,0.907623,0.184644,0.376997,0.433558,-0.252218,0.865109,-0.201464,-0.0230237,0.979225,0.891797,-0.238599,0.384408,0.897355,-0.42178,0.129832,-0.251223,-0.808064,0.53284,0.162606,-0.917192,-0.363755,0.526179,-0.463245,0.71312,-0.956775,-0.174048,0.233,0.0417855,-0.943403,0.329007,-0.241275,-0.132995,-0.961301,-0.0829819,-0.448174,-0.890087,0.0649524,-0.131501,0.989186,0.868098,0.162819,0.468931,0.312818,0.00953309,0.949765,-0.187589,-0.0494211,-0.981004,-0.797448,0.528897,-0.290421,0.805967,-0.0535156,0.589536,-0.526179,-0.463245,0.71312,0,-0.257117,-0.96638,-0.240628,-0.142916,0.960038,-0.217769,-0.694148,0.686101,0.240628,-0.142916,0.960038,-0.969647,-0.179335,-0.166205,0.201464,-0.0230238,0.979225,-0.917414,-0.396488,0.0339104,0.273977,0.124153,-0.953689,-0.795751,-0.60532,-0.0191956,-0.802253,-0.593722,-0.062332,-0.832361,-0.551122,0.0586477,0.886424,0.350453,0.302383,0.35489,0.341485,0.870311,-0.584045,0.515833,0.626744,-0.341185,-0.939689,0.0240397,0.267145,0.793551,0.546727,-0.402381,0.16687,0.900136,0.313739,-0.0826558,-0.945905,-0.433558,-0.252218,0.865109,-0.891797,-0.238599,0.384408,-0.897355,-0.42178,0.129832,0.251223,-0.808064,0.53284,-0.162606,-0.917192,-0.363755,0.341185,-0.939689,0.0240397,-0.0417855,-0.943403,0.329007,0.917414,-0.396488,0.0339104,0.0829819,-0.448174,-0.890087,0.187589,-0.0494212,-0.981003,0.797448,0.528897,-0.290421,-0.805968,-0.0535156,0.589536,-0.273977,0.124153,-0.953689,0.217769,-0.694148,0.686101,0.956775,-0.174048,0.233,0.969647,-0.179335,-0.166205,0.881471,-0.468137,0.0621079,0.80563,-0.592121,-0.0187771,0.797695,-0.603047,-0.00396264,-0.886424,0.350453,0.302383,-0.35489,0.341485,0.870311,0.584045,0.515833,0.626744,-0.267145,0.793551,0.546727,0.402381,0.16687,0.900136,0.241275,-0.132995,-0.961301],
    "metadata":{
        "normals":67,
        "vertices":57,
        "faces":67,
        "type":"Geometry",
        "uvs":1,
        "version":3,
        "generator":"io_three"
    },
    "faces":[40,47,11,12,4,0,1,0,0,0,40,12,13,15,1,2,3,1,1,1,40,12,15,47,1,3,4,2,2,2,40,4,37,7,5,6,7,3,3,3,41,11,1,4,12,8,9,10,11,4,4,4,4,41,41,42,30,27,12,13,14,15,5,5,5,5,40,48,47,15,16,4,3,6,6,6,41,44,31,42,43,17,18,19,20,7,7,7,7,40,10,21,23,21,22,23,8,8,8,40,9,10,23,24,21,23,9,9,9,40,17,23,22,25,26,27,10,10,10,40,6,7,14,28,7,29,11,11,11,40,13,14,7,30,31,32,12,12,12,41,8,1,11,16,33,9,8,34,13,13,13,13,40,17,9,23,25,35,26,14,14,14,41,8,20,35,1,36,37,38,39,15,15,15,15,41,0,24,25,2,42,43,40,41,16,16,16,16,40,47,45,43,4,44,20,17,17,17,40,43,42,41,20,19,45,18,18,18,40,43,41,47,20,45,4,19,19,19,40,7,6,4,7,28,5,20,20,20,40,6,5,4,46,47,48,21,21,21,40,51,48,18,49,50,51,22,22,22,40,43,33,44,52,53,54,23,23,23,41,39,7,37,33,55,7,6,56,24,24,24,24,41,11,47,19,16,0,4,57,58,25,25,25,25,40,22,23,21,27,26,59,26,26,26,41,19,47,41,46,57,4,45,60,27,27,27,27,41,38,40,26,55,61,62,63,64,28,28,28,28,41,12,5,14,13,1,65,66,2,29,29,29,29,41,17,22,2,25,67,68,69,70,30,30,30,30,41,30,37,35,27,71,6,38,72,31,31,31,31,40,7,39,36,77,73,74,32,32,32,40,36,3,15,74,75,76,33,33,33,40,36,15,7,74,76,77,34,34,34,40,51,18,36,49,51,78,35,35,35,40,18,3,36,79,80,81,36,36,36,40,18,15,3,82,83,84,37,37,37,40,15,13,7,76,85,77,38,38,38,40,4,5,12,86,65,1,39,39,39,40,6,14,5,87,66,65,40,40,40,40,30,33,37,71,56,6,41,41,41,40,48,45,47,16,44,4,42,42,42,40,40,54,52,62,88,89,43,43,43,40,38,54,40,61,88,62,44,44,44,40,49,53,54,90,91,92,45,45,45,40,32,44,33,93,94,56,46,46,46,40,45,33,43,95,96,97,47,47,47,40,49,54,38,90,92,98,48,48,48,41,28,53,49,56,99,100,101,102,49,49,49,49,41,56,55,26,28,103,104,105,106,50,50,50,50,40,33,30,32,56,71,93,51,51,51,40,32,30,31,107,108,109,52,52,52,40,51,50,48,110,111,112,53,53,53,41,35,37,4,1,38,6,5,39,54,54,54,54,40,53,52,54,91,113,92,55,55,55,41,34,46,41,27,114,115,12,15,56,56,56,56,41,0,10,9,24,116,21,24,117,57,57,57,57,40,33,45,29,96,95,118,58,58,58,40,29,36,39,118,119,120,59,59,59,40,29,39,33,118,120,96,60,60,60,40,51,36,50,110,121,111,61,61,61,40,50,36,29,122,123,124,62,62,62,40,50,29,45,125,126,127,63,63,63,40,30,42,31,128,19,18,64,64,64,40,32,31,44,129,18,17,65,65,65,41,27,35,20,34,72,38,37,130,66,66,66,66],
    "uvs":[[0.488702,0.436592,0.508585,0.621649,0.524292,0.785179,0.495582,0.815448,0.451372,0.433339,0.117649,0.594024,0.17885,0.658971,0.1215,0.849608,0.558013,0.43421,0.592499,0.433513,0.602924,0.55661,0.57389,0.618267,0.629937,0.195648,0.644891,0.0117187,0.673832,0.0734107,0.664033,0.196422,0.453141,0.747542,0.345436,0.895813,0.367041,0.602831,0.3958,0.621649,0.389155,0.785179,0.783096,0.905576,0.754214,0.904842,0.77195,0.86154,0.813039,0.825152,0.735639,0.989868,0.698823,0.950322,0.735639,0.902642,0,0.927945,0.0338075,0.929747,0.319214,0.417991,0.373927,0.528625,0.286334,0.449737,0.602924,0.0117187,0.53187,0.0422751,0.703029,0.989037,0.146549,0.0494606,0.232626,0,0.193371,0.472037,0.138392,0.47114,0.688507,0.926376,0.692382,0.99422,0.649024,0.99422,0.652082,0.932056,0.419814,0.815448,0.408383,0.436592,0.781557,0.379219,0.75148,0.0886952,0.781557,0.046875,0.923496,0.600578,0.937793,0.48679,0.960938,0.536717,0.327884,0.406845,0.289649,0.379632,0.327884,0.292969,0.149165,1,0.202633,0.852156,0.443451,0,0.507561,0.045116,0.691019,0.906186,0.374848,0.045116,0.809813,0.905576,0.839428,0.986014,0.754214,0.986014,0.760153,0.924012,0.538364,0.602831,0.579006,0.895813,0.941858,0.8989,0.980137,0.983832,0.882092,0.983832,0.897845,0.916508,0.247368,0.598099,0.245722,0.474512,0.889904,0.37409,0.844193,0.379839,0.838198,0.276194,0.8599,0.22458,0.889904,0.223277,0.960938,0.708783,0.776748,0.75977,0.75977,0.690504,0.776748,0.587865,0.740014,0.493026,0.758338,0.51169,0.736635,0.563303,0.860847,0.192855,0.508036,0.561967,0.609995,0.896624,0.850762,0.941992,0.868663,0.985322,0.73419,0.816406,0.742774,0.902642,0.692726,0.858348,0.3077,0.937611,0.271553,0.937215,0.860139,0.161101,0.890238,0.162337,0.860078,0.192855,0.702299,0.819876,0.980867,0.8989,0.882092,0.8989,0.921074,0.813949,0.964923,0.831586,0.647315,0.816406,0.682651,0.822086,0.685695,0.88425,0.642337,0.88425,0.728043,0.0429687,0.728043,0.374974,0.69727,0.333038,0.868779,0.581057,0.906557,0.645109,0.88241,0.694924,0.691019,0.902642,0.673832,0.618158,0.602924,0.587488,0.869471,0.905576,0.863407,0.843584,0.838198,0.109533,0.844193,0.00585938,0.890238,0.0115017,0.906557,0.472969,0.749439,0.594683,0.749439,0.767241,0.735341,0.663779,0.80022,0.495073,0.786123,0.564169,0.775721,0.514612,0.380595,0.561967,0.3077,0.896624,0.3077,0.0545227]],