{
    "normals":[-0.504081,-0.00904185,-0.863609,-0.0936328,-0.122501,-0.988042,0.891797,-0.238599,0.384408,0.897355,-0.42178,0.129832,-0.251223,-0.808064,0.53284,0.347872,-0.194457,-0.917154,-0.744954,-0.563206,-0.357552,-0.521563,0.233689,0.820586,0.504081,-0.00904184,-0.863609,0.975695,-0.218855,0.0110553,0.0417855,-0.943403,0.329007,-0.969647,-0.179335,-0.166205,-0.155477,-0.423995,-0.892219,-0.817499,-0.419753,-0.394338,0.123049,0.297694,0.946698,-0.217769,-0.694148,0.686101,0.961592,-0.172884,-0.213194,0.817499,-0.419753,-0.394338,-0.502572,-0.687506,-0.524173,-0.450966,-0.169906,0.87622,0.450966,-0.169906,0.87622,-0.382541,0.551521,0.741274,-0.966798,-0.219541,-0.130775,-0.222733,-0.331763,0.916691,-0.664891,0.218195,0.71436,0.382541,0.551521,0.741274,-0.882772,-0.378693,-0.278039,-0.77948,-0.244687,-0.576662,0.222733,-0.331763,0.916691,-0.272057,0.0218149,0.962034,-0.0401959,-0.0563423,0.997602,-0.370235,-0.109492,-0.922462,0.458384,-0.0272236,-0.888337,0.0936328,-0.122501,-0.988042,-0.891797,-0.238599,0.384407,-0.897355,-0.42178,0.129832,0.251223,-0.808064,0.53284,-0.0217673,0.0545998,-0.998271,0.744954,-0.563206,-0.357552,0.521563,0.233689,0.820586,-0.498367,0.854336,0.147443,0.370235,-0.109492,-0.922463,-0.0417855,-0.943403,0.329007,0.969647,-0.179335,-0.166205,-0.961592,-0.172883,-0.213194,0.155477,-0.423995,-0.892219,-0.458384,-0.0272236,-0.888337,-0.123049,0.297694,0.946698,0.217769,-0.694148,0.686101,0.771892,0.631048,-0.0772144,0.664891,0.218195,0.714361,0.502572,-0.687506,-0.524173,0,-0.143946,-0.989585,-0.975695,-0.218855,0.0110553,0.966798,-0.219541,-0.130775,0.498367,0.854336,0.147443,0.77948,-0.244687,-0.576662,0.0217673,0.0545998,-0.998271,0.272057,0.0218149,0.962034,0.0401959,-0.0563423,0.997602,0,-0.145869,0.989304,0.882772,-0.378693,-0.278039,0.0823345,-0.0157624,0.99648,0.0823345,0.0157624,-0.99648,-0.347872,-0.194457,-0.917154,-0.771892,0.631048,-0.0772144,0.758854,-0.562914,-0.327518,0.477251,-0.0659181,0.876291,-0.477251,-0.0659181,0.876291,-0.758854,-0.562914,-0.327518],
    "metadata":{
        "normals":70,
        "vertices":66,
        "faces":70,
        "type":"Geometry",
        "uvs":1,
        "version":3,
        "generator":"io_three"
    },
    "faces":[41,28,27,4,6,0,1,2,3,0,0,0,0,40,4,9,1,4,5,6,1,1,1,40,11,19,21,7,8,9,2,2,2,40,10,11,21,10,7,9,3,3,3,40,16,21,20,11,12,13,4,4,4,40,24,58,38,14,15,16,5,5,5,40,6,8,14,3,17,18,6,6,6,40,53,5,57,19,20,21,7,7,7,41,33,55,56,34,22,23,24,25,8,8,8,8,41,41,44,42,33,26,27,28,29,9,9,9,9,40,16,10,21,11,30,12,10,10,10,41,39,40,29,51,31,32,33,34,11,11,11,11,41,0,22,23,2,37,38,35,36,12,12,12,12,41,61,3,14,8,39,40,18,17,13,13,13,13,40,58,62,17,41,42,43,14,14,14,40,20,21,19,13,12,44,15,15,15,41,31,49,45,52,45,46,47,48,16,16,16,16,41,43,32,61,36,49,50,51,52,17,17,17,17,40,61,60,25,39,53,54,18,18,18,41,13,65,26,15,55,56,57,58,19,19,19,19,41,54,65,42,44,59,56,60,61,20,20,20,20,40,60,53,57,62,19,21,21,21,21,40,4,12,9,63,64,65,22,22,22,41,5,32,46,58,20,66,67,41,23,23,23,23,40,32,5,53,66,20,19,24,24,24,40,57,25,60,21,68,62,25,25,25,40,14,28,6,18,0,3,26,26,26,40,3,61,25,40,39,54,27,27,27,41,17,3,24,58,43,69,70,41,28,28,28,28,40,13,14,65,55,71,56,29,29,29,40,62,65,14,72,56,71,30,30,30,41,18,59,4,1,73,74,4,6,31,31,31,31,41,36,59,33,34,75,74,22,25,32,32,32,32,40,33,30,37,22,76,77,33,33,33,40,40,50,48,32,78,79,34,34,34,40,39,50,40,31,78,32,35,35,35,40,45,49,50,80,81,82,36,36,36,40,7,28,64,83,84,85,37,37,37,40,34,43,36,86,49,52,38,38,38,40,24,25,57,87,88,89,39,39,39,41,55,33,42,35,90,91,92,93,40,40,40,40,41,47,30,33,59,94,76,22,74,41,41,41,41,40,45,50,39,80,82,95,42,42,42,41,0,11,10,22,96,7,10,97,43,43,43,43,41,16,20,2,23,98,99,100,101,44,44,44,44,41,52,51,29,31,102,103,104,105,45,45,45,45,41,4,59,8,6,4,74,106,107,46,46,46,46,40,58,46,62,41,67,42,47,47,47,40,49,48,50,81,108,82,48,48,48,40,57,24,38,109,110,111,49,49,49,40,3,25,24,112,113,114,50,50,50,40,61,53,60,115,116,117,51,51,51,41,61,8,59,36,118,106,74,75,52,52,52,52,41,13,15,12,4,119,120,64,63,53,53,53,53,40,33,37,41,29,121,26,54,54,54,41,13,4,27,7,122,123,124,125,55,55,55,55,40,32,53,61,126,127,128,56,56,56,40,56,35,63,129,130,131,57,57,57,40,42,65,43,60,56,132,58,58,58,40,62,43,65,72,132,56,59,59,59,40,54,26,65,59,57,56,60,60,60,40,43,34,56,49,86,133,61,61,61,41,14,13,7,28,71,55,134,135,62,62,62,62,41,56,43,42,35,136,137,138,139,63,63,63,63,40,5,38,58,140,16,15,64,64,64,40,57,38,5,141,142,143,65,65,65,40,35,55,63,144,145,146,66,66,66,40,28,27,64,147,148,149,67,67,67,40,55,56,63,150,151,152,68,68,68,40,27,7,64,153,154,155,69,69,69],
    "uvs":[[0.620324,0.57422,0.58242,0.567479,0.543221,0.516976,0.562477,0.239705,0.165517,0.442577,0.18968,0.947521,0.140098,0.970627,0.918737,0.907442,0.895455,0.907586,0.908528,0.880372,0.941113,0.857483,0.89239,0.78333,0.92883,0.809001,0.888697,0.836362,0.475533,0.899926,0.536792,0.824219,0.483078,0.979953,0.550129,0.199572,0.602521,0.200147,0.889624,0.357227,0.876906,0.256037,0.921967,0.340576,0.106766,0.442131,0.0517864,0.490331,0,0.494737,0.113122,0.163911,0.415298,0,0.454707,0.0364588,0.454707,0.561678,0.407064,0.55291,0.917521,0.785695,0.944592,0.925165,0.968109,0.975265,0.895455,0.975265,0.901753,0.936648,0.893649,0.702834,0.893649,0.744968,0.877177,0.744982,0.878592,0.706285,0.566294,0.0746039,0.618489,0.188163,0.895352,0.175947,0.891979,0.134766,0.925496,0.190779,0.931307,0.836362,0.916645,0.641495,0.994177,0.632296,0.994177,0.686508,0.954033,0.680347,0.740315,0.371117,0.754754,0.383379,0.710085,0.494736,0.693477,0.37046,0.615654,0,0.620324,0.0484593,0.273591,0.30883,0.310388,0.281732,0.263571,0.818842,0.202768,0.834638,0.325471,0.819235,0.337443,0.309235,0.363531,0.835658,0.922661,0.403848,0.496016,0.00869858,0.50702,0.563373,0.454707,0.51354,0.854363,0.218671,0.864903,0.192729,0.944283,0.355468,0.944283,0.215778,0.937931,0.254073,0.281054,0,0.319762,0.0708579,0.113765,1,0.136785,0.514485,0.135683,0.124622,0.0835246,0.970198,0.0331118,0.946334,0.975864,0.947849,0.987447,0.97484,0.986328,0.78464,0.986328,0.838729,0.959769,0.808562,0.568584,0.755986,0.537135,0.749356,0.568584,0.664062,0.702444,0.331146,0.921901,0.331539,0.896536,0.230469,0.921901,0.245287,0.0441049,0.0793042,0.0221144,0.0324324,0.0657147,0.0217444,0.0657147,0.0788785,0.11366,0.999999,0.960553,0.784804,0.990194,0.907586,0.983342,0.86904,0.991531,0.699922,0.991531,0.754925,0.911004,0.743898,0.9513,0.70574,0.89766,0.68135,0.879131,0.677383,0.88122,0.638672,0.89766,0.639135,0.177252,0.124937,0.18968,0.164491,0.953162,0.835882,0.61526,0.901537,0.61526,0.987789,0.58562,0.909829,0.869925,0.377636,0.849661,0.238281,0.875026,0.339352,0.182564,0.0188241,0.227192,0.0454361,0.20586,0.0938113,0.158933,0,0.543221,0,0.543221,0.526472,0.363531,0.0494629,0.131816,0.078385,0.0826613,0.0711515,0.105889,0.0203403,0.131816,0.0185392,0.981099,0.204562,0.981099,0.344264,0.93647,0.317652,0.699336,0.746195,0.666604,0.752346,0.680656,0.660156,0.36353,0.00052353,0.754754,0,0.222754,0.367515,0.18968,0.37189,0.693477,0.0860387,0.693477,0.460153,0.620324,0.153199,0.660745,0.0921901,0.536792,0.90431,0.572454,0.9887,0.542928,0.98148,0.572454,0.904358,0.623333,0.663133,0.647864,0.661117,0.647864,0.753062,0.483831,0.673801,0.515971,0.665567,0.515971,0.759133,0.483831,0.760469,0.436394,0.74943,0.483831,0.665567,0.605755,0.751741,0.579081,0.748522,0.605755,0.657211]],