{
    "vertices":[7.28376,-1.72646,-7.05207,7.27621,-1.7376,0.856931,0.717924,-1.62771,0.87514,0.677865,-1.6002,-7.04187,7.60165,0.273537,-7.56642,7.90778,0.273537,1.16902,0.319047,0.273537,1.21709,0.321831,0.273537,-7.42621,0.82591,-1.67762,0.373995,7.25378,-1.70003,0.386944,0.559875,-1.72646,-6.49271,0.637456,-0.910417,0.371416,0.416266,-0.895882,-6.47585,7.35898,-1.68519,-6.53849,7.5336,-0.935418,-6.53611,7.58088,-0.80925,0.235741,6.94522,0.273537,1.27893,1.16038,0.273537,1.22436,5.98809,-0.713589,0.965627,4.74293,-1.0912,1.01083,3.47971,-1.08963,1,2.13843,-0.596571,1.13104,6.82145,0.273537,-7.56983,1.13056,0.273537,-7.51053,2.0841,-0.753478,-7.22091,3.26927,-1.12316,-7.16205,4.52478,-1.15494,-7.21316,5.61935,-0.729673,-7.15158,2.08007,-1.3247,0.214888,2.08869,-1.35639,-6.17775,5.68178,-1.32114,0.261482,5.66063,-1.41974,-6.26595,0.559875,-0.88831,0.973805,0.559875,-0.672964,-7.19603,7.4266,-0.735477,-7.19015,4.84321,-1.68519,-7.13541,4.87924,-1.82385,-6.64611,2.35147,-1.64111,-7.1338,2.34846,-1.6637,-6.50463,7.4266,-0.793398,1.07851,5.24771,-1.80401,0.389402,5.13862,-1.72646,0.979478,2.45513,-1.75865,0.299219,2.58773,-1.80336,0.949753,4.03232,-1.56543,0.993165,4.08007,-1.5306,0.283839,3.76431,-1.56266,-2.64686,3.64031,-1.52479,-6.3369,3.50663,-1.80993,-7.13455,7.84127,0.273537,-5.23449,7.74734,-0.701961,-3.16856,5.87913,-1.30305,-2.88564,2.27679,-1.36076,-2.99748,0.339142,-0.764391,-3.51315],
    "faces":[32,0,13,36,0,0,0,32,28,11,53,1,1,1,32,0,34,13,2,2,2,32,1,18,41,3,3,3,32,2,32,11,4,4,4,32,4,34,22,5,5,5,32,28,46,45,6,6,6,32,8,42,43,7,7,7,32,11,28,8,8,8,8,32,30,51,50,9,9,9,32,15,9,30,10,10,10,32,9,40,30,11,11,11,32,14,31,13,12,12,12,32,10,29,12,13,13,13,32,13,31,36,14,14,14,32,11,6,53,15,15,15,32,12,33,3,16,16,16,32,14,49,50,17,17,17,32,35,36,48,18,18,18,32,37,38,3,19,19,19,32,15,39,1,20,20,20,32,41,40,1,21,21,21,32,43,42,40,22,22,22,32,45,40,42,23,23,23,32,45,46,30,24,24,24,32,47,46,29,25,25,25,32,30,40,45,26,26,26,32,24,33,23,27,27,27,32,23,33,7,28,28,28,32,24,3,33,29,29,29,32,25,37,24,30,30,30,32,24,37,3,31,31,31,32,25,48,37,32,32,32,32,26,48,25,33,33,33,32,26,35,48,34,34,34,32,27,0,35,35,35,35,32,48,38,37,36,36,36,32,38,48,36,37,37,37,32,35,26,27,38,38,38,32,22,34,27,39,39,39,32,27,34,0,40,40,40,32,39,15,5,41,41,41,32,49,14,4,42,42,42,32,4,14,34,43,43,43,32,50,15,30,44,44,44,32,50,51,31,45,45,45,32,51,46,31,46,46,46,32,30,46,51,47,47,47,32,46,52,29,48,48,48,32,52,28,53,49,49,49,32,53,7,12,50,50,50,32,53,6,7,51,51,51,32,53,12,29,52,52,52,32,29,52,53,53,53,53,32,31,14,50,54,54,54,32,18,39,16,55,55,55,32,5,50,49,56,56,56,32,41,18,19,57,57,57,32,20,43,44,58,58,58,32,44,19,20,59,59,59,32,44,43,41,60,60,60,32,43,21,2,61,61,61,32,2,21,32,62,62,62,32,32,21,17,63,63,63,32,17,6,32,64,64,64,32,39,18,1,65,65,65,32,31,46,47,66,66,66,32,3,38,10,67,67,67,32,36,35,0,68,68,68,32,38,29,10,69,69,69,32,12,7,33,70,70,70,32,15,50,5,71,71,71,32,16,39,5,72,72,72,32,19,44,41,73,73,73,32,43,20,21,74,74,74,32,43,2,8,75,75,75,32,1,40,9,76,76,76,32,40,41,43,77,77,77,32,42,8,28,78,78,78,32,28,45,42,79,79,79,32,46,28,52,80,80,80,32,36,31,47,81,81,81,32,47,29,38,82,82,82,32,38,36,47,83,83,83,32,1,9,15,84,84,84,32,13,34,14,85,85,85,32,3,10,12,86,86,86,32,6,11,32,87,87,87,32,11,8,2,88,88,88],
    "metadata":{
        "generator":"io_three",
        "faces":89,
        "version":3,
        "vertices":54,
        "type":"Geometry",
        "normals":89
    },
    "normals":[0.0525542,-0.995994,0.0723473,-0.277474,-0.960619,-0.0148024,0.978572,-0.159242,-0.130531,0.0570248,-0.0341795,0.997788,-0.974143,-0.192427,-0.118397,0.00409112,-0.350024,-0.936732,-0.103134,-0.994424,0.0219907,-0.05224,-0.996956,-0.0578714,-0.116908,-0.032054,-0.992625,0.308153,-0.951236,0.0138539,0.0351316,-0.179772,-0.983081,0.0126416,-0.266668,-0.963706,0.152441,-0.0386352,0.987557,-0.189259,-0.0526296,0.980516,0.00744351,-0.692775,0.721115,-0.951886,-0.300152,0.0618167,-0.95696,-0.161826,-0.240914,0.979205,-0.19699,-0.0484938,0.0890923,-0.956546,-0.277635,-0.0264013,-0.999004,-0.0359832,0.963952,-0.195813,0.18015,0.002327,-0.991416,0.130722,-0.0140851,-0.99774,-0.0657025,0.0270078,-0.257586,-0.965878,0.129624,-0.991558,-0.0031178,-0.108564,-0.994068,-0.00655436,0.0225321,-0.274898,-0.961209,-0.0313228,-0.298115,-0.954016,-0.100171,-0.258829,-0.960715,-0.0249151,-0.167037,-0.985636,0.0209348,-0.0914003,-0.995594,-0.0572785,-0.114583,-0.991761,-0.00683736,-0.0423788,-0.999078,-0.0419892,-0.0544699,-0.997632,0.0122289,-0.137879,-0.990374,0.0333508,-0.0439937,-0.998475,-0.144531,-0.988838,-0.036184,-0.0555213,-0.990245,0.127797,0.0910449,-0.0907429,-0.991704,-0.0210449,-0.36313,-0.931501,-0.0215736,-0.134921,-0.990622,0.892594,-0.417074,0.171249,0.98473,-0.141663,-0.101188,0.940793,-0.24899,-0.230027,0.259992,-0.965448,-0.0177143,0.30803,-0.951289,0.0129302,0.124716,-0.991847,0.0261793,0.122063,-0.99252,0.00194704,-0.136044,-0.99068,0.00668457,-0.292409,-0.956267,-0.00717399,-0.994966,-0.0978668,-0.0215573,-0.99984,-0.0178898,-0.000322014,-0.271201,-0.961863,0.0356298,-0.298086,-0.954399,0.0163189,0.256867,-0.965121,0.0506039,-0.0885241,-0.222329,0.970945,0.993024,-0.117461,-0.0103129,0.043073,-0.0224645,0.998819,-0.0232133,-0.041313,0.998877,-0.00859994,-0.0243517,0.999666,-0.00746172,-0.135468,0.990754,-0.0550881,-0.168356,0.984186,-0.0711306,-0.146855,0.986597,-0.0648624,-0.178213,0.981852,-0.00845297,-0.206621,0.978384,-0.0882198,-0.214232,0.972791,0.0523425,-0.998557,-0.0120079,0.0327867,-0.975562,-0.217264,-0.00697934,-0.962224,-0.27217,0.0297862,-0.716334,0.697121,-0.914726,-0.296749,-0.274255,0.947598,-0.317392,0.0363307,0.112421,-0.134221,0.984554,0.0056987,-0.0457498,0.998937,0.0487275,-0.130613,0.990235,-0.0963291,-0.992284,0.0780617,0.0514897,-0.995299,-0.0820327,0.0282775,-0.99039,0.135384,-0.0563072,-0.23714,-0.969842,0.0156269,-0.177711,-0.983959,-0.135158,-0.99082,0.00284395,0.0110054,-0.696362,0.717606,-0.0096539,-0.732362,0.680847,-0.00874122,-0.73605,0.676871,0.932152,-0.354663,-0.0728442,0.949622,-0.220457,-0.222749,-0.956788,-0.160507,-0.242476,-0.976863,-0.177504,-0.119295,-0.954715,-0.235127,-0.182304]
}