{
    "uvs":[[0.374381,0.423691,0.374381,0.782507,0.256006,0.769314,0.256006,0.410498,0.55433,0.867543,0.55433,0.981592,0.431849,0.981592,0.431849,0.867543,0.838651,0.351496,0.838651,0,0.958411,0.0064245,0.958411,0.357921,0.256006,0.410498,0.136855,0.782507,0.136855,0.423691,0.259335,0.924887,0.280678,0.782507,0.360473,0.782507,0.381816,0.924887,0.70657,1,0.727912,0.857733,0.807707,0.857733,0.82905,1,0.0874165,0.88864,0.00762179,0.88864,0,0.881543,0.0950382,0.881543,0.84455,0.744609,0.84455,0.393112,0.962692,0.386688,0.962692,0.738184,0.431849,0.386688,0.569479,0.421867,0.569479,0.832364,0.70657,0.386688,0.84455,0.421149,0.84455,0.823272,0.70657,0.857733,0.70657,0.867543,0.569479,0.832364,0.569478,0.421867,0.706569,0.386688,0.136855,0.881543,3.11786e-08,0.847082,0,0.444959,0.136855,0.410498,0.136855,0.925086,0.158198,0.782507,0.237992,0.782507,0.259335,0.925086,3.11786e-08,0,0.431849,2.90324e-08,0.419325,0.011905,0.0125242,0.0119049,0.390252,0.797185,0.390252,0.410498,0.411037,0.410498,0.411037,0.797185,0,0.410498,0.0125242,0.398593,0.431849,0.410498,0.419325,0.398593,0.431849,1.16129e-07,0.838651,0,0.82399,0.0139357,0.44651,0.0139358,0.411037,0.797185,0.411037,0.410498,0.431849,0.410498,0.431849,0.797185,0.979234,0.378799,0.979234,0,1,0,1,0.378799,0.979234,0.378799,0.958411,0.378799,0.958411,0,0.84455,0.887277,0.865893,0.744609,0.945687,0.744609,0.96703,0.887277,0.838651,0.386688,0.43185,0.386688,0.44651,0.372752,0.82399,0.372752,0.987675,0.475184,0.987675,0.56368,0.962692,0.56368,0.962692,0.475184,0.0076218,0.962942,0.0874165,0.962942,0.0950383,0.970039,1.55893e-08,0.970039,0.649368,0.956039,0.55433,0.956039,0.566491,0.944716,0.637207,0.944716,0.390252,0.885682,0.390252,0.797185,0.415279,0.797185,0.415279,0.885682,0.987708,0.386688,0.987708,0.475184,0.962692,0.386688,0.962692,0.652177,0.987652,0.56368,0.987652,0.652177,0.96703,0.876306,0.96703,0.810458,0.992866,0.810458,0.992866,0.876306,0.566491,0.878867,0.649368,0.867543,0.637207,0.878867,0.915267,0.887277,0.915267,0.953126,0.84455,0.953126,0.988575,0.652177,0.988575,0.718026,0.962692,0.718026,0.96703,0.744609,0.9929,0.744609,0.9929,0.810458,0.649368,0.933392,0.649368,0.867543,0.67518,0.867543,0.67518,0.933392]],
    "faces":[41,36,35,14,4,0,1,2,3,0,0,0,0,41,15,18,13,7,4,5,6,7,1,1,1,1,41,35,38,2,14,8,9,10,11,2,2,2,2,41,38,37,3,2,12,2,13,14,3,3,3,3,41,18,8,11,13,15,16,17,18,4,4,4,4,41,13,11,1,7,19,20,21,22,5,5,5,5,41,11,8,42,39,23,24,25,26,6,6,6,6,41,37,36,4,3,27,28,29,30,7,7,7,7,41,19,20,22,21,31,32,33,7,8,8,8,8,41,21,22,26,25,34,35,36,37,9,9,9,9,41,25,26,24,23,38,39,40,41,10,10,10,10,41,23,24,20,19,42,43,44,45,11,11,11,11,41,7,1,9,15,46,47,48,49,12,12,12,12,41,26,22,28,29,50,51,52,53,13,13,13,13,41,30,29,33,34,54,55,56,57,14,14,14,14,41,24,26,29,30,58,50,53,59,15,15,15,15,41,22,20,27,28,51,60,61,52,16,16,16,16,41,20,24,30,27,60,58,59,61,17,17,17,17,41,31,34,38,35,62,63,64,65,18,18,18,18,41,28,27,31,32,66,67,68,69,19,19,19,19,41,27,30,34,31,70,71,72,73,20,20,20,20,41,29,28,32,33,71,74,75,76,21,21,21,21,41,15,9,8,18,77,78,79,80,22,22,22,22,41,33,32,36,37,81,82,83,84,23,23,23,23,41,34,33,37,38,63,81,84,64,24,24,24,24,41,32,31,35,36,82,62,65,83,25,25,25,25,41,41,40,44,45,85,86,87,88,26,26,26,26,41,9,1,40,41,89,90,91,92,27,27,27,27,41,8,9,41,42,24,89,92,25,28,28,28,28,41,1,11,39,40,90,23,26,91,29,29,29,29,41,45,44,48,49,93,94,95,96,30,30,30,30,41,40,39,43,44,97,98,99,100,31,31,31,31,41,39,42,46,43,101,102,88,103,32,32,32,32,41,42,41,45,46,104,87,105,106,33,33,33,33,41,47,50,54,51,107,108,109,110,34,34,34,34,41,44,43,47,48,94,4,111,95,35,35,35,35,41,43,46,50,47,4,112,113,111,36,36,36,36,41,46,45,49,50,112,93,96,113,37,37,37,37,41,54,53,52,51,114,115,116,77,38,38,38,38,41,50,49,53,54,117,118,119,104,39,39,39,39,41,49,48,52,53,108,120,121,122,40,40,40,40,41,48,47,51,52,123,124,125,126,41,41,41,41],
    "metadata":{
        "faces":42,
        "generator":"io_three",
        "vertices":55,
        "uvs":1,
        "version":3,
        "type":"Geometry",
        "normals":42
    },
    "normals":[-0.00376315,-0.168088,0.985765,-1.82203e-10,-1,4.77296e-08,0.999984,0.00422207,0.00381745,0.0038118,-0.0544511,-0.998509,-0.00378029,0.139117,0.990269,-0.990269,0.139117,-0.00378034,-0.00227368,-0.803274,0.595605,-0.9737,-0.227804,-0.00371708,0.00373301,0.209174,-0.977871,0.976972,0.213334,0.00372948,-0.00373301,0.209174,0.977871,-0.976972,0.213334,-0.0037296,0.00378029,0.139117,-0.990269,0.0418093,0.999126,0.000159569,0.00380984,0.0631279,-0.997998,-0.000162923,0.999089,0.0426785,0.000162925,0.999089,-0.0426785,-0.0418093,0.999126,-0.000159642,-0.145753,0.989321,-0.000556451,-0.00380988,0.0631272,0.997998,0.997915,0.064436,0.00380952,-0.997914,0.0644375,-0.00380952,0.990269,0.139117,0.00378036,0.145753,0.989321,0.000556371,-0.000567746,0.988879,0.148722,0.000567752,0.988879,-0.148722,0.00381734,0,-0.999993,0.00227368,-0.803274,-0.595605,0.595604,-0.803275,0.00227387,-0.595605,-0.803274,-0.00227359,0,1,0,-0.999993,0,-0.00381751,-0.00381734,0,0.999993,0.999993,0,0.00381751,0.0038177,0,-0.999993,7.1785e-10,1,-1.88099e-07,0,1,-0,7.18091e-10,1,-1.88099e-07,8.41551e-10,1,-2.20445e-07,-0.999993,0,-0.0038177,-0.00381726,0,0.999993,0.999993,0,0.00381759],
    "vertices":[-7.96828,-0.0623637,7.99668,-1.22627,4.59493,5.45499,-5.54748,-0.03028,5.8097,6.23907,-0.03028,5.8547,6.28314,-0.0302805,-5.6914,-6.18461,3.3638,1.38547,-6.7122,4.03754,1.23694,-1.8766,-0.052056,4.79968,1.20511,4.59493,7.90501,1.21443,4.59493,5.46431,6.49227,3.4116,-6.07866,-1.23559,4.59493,7.89569,-7.76128,5.14016,-1.24883,-1.8909,-0.0520559,8.54602,-5.50341,-0.0302805,-5.73639,1.86974,-0.052056,4.81398,6.95557,3.98486,0.582521,0.252652,3.99507,6.88543,1.85544,-0.0520559,8.56032,-7.93448,-0.0690773,-7.49816,-7.03502,4.06558,-6.61029,7.86085,-0.0690773,-7.43786,6.95463,4.06558,-6.55689,-7.99355,-0.0690766,7.97493,-7.08733,4.06559,7.09395,7.80178,-0.0690766,8.03523,6.90232,4.06559,7.14736,-6.68668,4.08022,-6.26645,6.60368,4.08022,-6.21571,6.55398,4.08022,6.80352,-6.73638,4.08022,6.75278,-6.64566,3.44254,-6.22596,6.56235,3.44254,-6.17553,6.51296,3.44254,6.76302,-6.69506,3.44254,6.7126,-5.52114,3.60884,-5.11593,5.42939,3.60884,-5.07413,5.38844,3.60884,5.653,-5.56209,3.60884,5.6112,-1.46961,4.76779,8.12793,-1.45851,4.76779,5.22097,1.44845,4.76779,5.23207,1.43735,4.76779,8.13903,-1.46961,5.53424,8.12793,-1.45851,5.53424,5.22097,1.44845,5.53424,5.23207,1.43735,5.53424,8.13903,-1.09623,5.53424,7.75739,-1.08797,5.53424,5.59435,1.07506,5.53424,5.60261,1.06681,5.53424,7.76564,-1.09623,4.74161,7.75739,-1.08797,4.74161,5.59435,1.07506,4.74161,5.60261,1.06681,4.74161,7.76564]
}