{
    "faces":[33,36,35,14,4,0,0,0,0,33,35,38,2,14,1,1,1,1,33,38,37,3,2,2,2,2,2,33,18,8,11,13,3,3,3,3,33,13,11,1,7,4,4,4,4,33,11,8,42,39,5,5,5,5,33,37,36,4,3,6,6,6,6,33,19,20,22,21,7,7,7,7,33,21,22,26,25,8,8,8,8,33,25,26,24,23,9,9,9,9,33,23,24,20,19,10,10,10,10,33,7,1,9,15,11,11,11,11,33,26,22,28,29,12,12,12,12,33,30,29,33,34,13,13,13,13,33,24,26,29,30,14,14,14,14,33,22,20,27,28,15,15,15,15,33,20,24,30,27,16,16,16,16,33,31,34,38,35,17,17,17,17,33,28,27,31,32,18,18,18,18,33,27,30,34,31,19,19,19,19,33,29,28,32,33,20,20,20,20,33,15,9,8,18,21,21,21,21,33,33,32,36,37,22,22,22,22,33,34,33,37,38,23,23,23,23,33,32,31,35,36,24,24,24,24,33,41,40,44,45,25,25,25,25,33,9,1,40,41,26,26,26,26,33,8,9,41,42,27,27,27,27,33,1,11,39,40,28,28,28,28,33,45,44,48,49,29,29,29,29,33,40,39,43,44,30,30,30,30,33,39,42,46,43,31,31,31,31,33,42,41,45,46,32,32,32,32,33,47,50,54,51,33,33,33,33,33,44,43,47,48,34,34,34,34,33,43,46,50,47,35,35,35,35,33,46,45,49,50,36,36,36,36,33,54,53,52,51,37,37,37,37,33,50,49,53,54,38,38,38,38,33,49,48,52,53,39,39,39,39,33,48,47,51,52,40,40,40,40],
    "metadata":{
        "faces":41,
        "generator":"io_three",
        "vertices":55,
        "version":3,
        "type":"Geometry",
        "normals":41
    },
    "normals":[-0.00376315,-0.168088,0.985765,0.999984,0.00422207,0.00381745,0.0038118,-0.0544511,-0.998509,-0.00378029,0.139117,0.990269,-0.990269,0.139117,-0.00378034,-0.00227368,-0.803274,0.595605,-0.9737,-0.227804,-0.00371708,0.00373301,0.209174,-0.977871,0.976972,0.213334,0.00372948,-0.00373301,0.209174,0.977871,-0.976972,0.213334,-0.0037296,0.00378029,0.139117,-0.990269,0.0418093,0.999126,0.000159569,0.00380984,0.0631279,-0.997998,-0.000162923,0.999089,0.0426785,0.000162925,0.999089,-0.0426785,-0.0418093,0.999126,-0.000159642,-0.145753,0.989321,-0.000556451,-0.00380988,0.0631272,0.997998,0.997915,0.064436,0.00380952,-0.997914,0.0644375,-0.00380952,0.990269,0.139117,0.00378036,0.145753,0.989321,0.000556371,-0.000567746,0.988879,0.148722,0.000567752,0.988879,-0.148722,0.00381734,0,-0.999993,0.00227368,-0.803274,-0.595605,0.595604,-0.803275,0.00227387,-0.595605,-0.803274,-0.00227359,0,1,0,-0.999993,0,-0.00381751,-0.00381734,0,0.999993,0.999993,0,0.00381751,0.0038177,0,-0.999993,7.1785e-10,1,-1.88099e-07,0,1,-0,7.18091e-10,1,-1.88099e-07,8.41551e-10,1,-2.20445e-07,-0.999993,0,-0.0038177,-0.00381726,0,0.999993,0.999993,0,0.00381759],
    "vertices":[-7.96828,-0.0623637,7.99668,-1.22627,4.59493,5.45499,-5.54748,-0.03028,5.8097,6.23907,-0.03028,5.8547,6.28314,-0.0302805,-5.6914,-6.18461,3.3638,1.38547,-6.7122,4.03754,1.23694,-1.8766,-0.052056,4.79968,1.20511,4.59493,7.90501,1.21443,4.59493,5.46431,6.49227,3.4116,-6.07866,-1.23559,4.59493,7.89569,-7.76128,5.14016,-1.24883,-1.8909,-0.0520559,8.54602,-5.50341,-0.0302805,-5.73639,1.86974,-0.052056,4.81398,6.95557,3.98486,0.582521,0.252652,3.99507,6.88543,1.85544,-0.0520559,8.56032,-7.93448,-0.0690773,-7.49816,-7.03502,4.06558,-6.61029,7.86085,-0.0690773,-7.43786,6.95463,4.06558,-6.55689,-7.99355,-0.0690766,7.97493,-7.08733,4.06559,7.09395,7.80178,-0.0690766,8.03523,6.90232,4.06559,7.14736,-6.68668,4.08022,-6.26645,6.60368,4.08022,-6.21571,6.55398,4.08022,6.80352,-6.73638,4.08022,6.75278,-6.64566,3.44254,-6.22596,6.56235,3.44254,-6.17553,6.51296,3.44254,6.76302,-6.69506,3.44254,6.7126,-5.52114,3.60884,-5.11593,5.42939,3.60884,-5.07413,5.38844,3.60884,5.653,-5.56209,3.60884,5.6112,-1.46961,4.76779,8.12793,-1.45851,4.76779,5.22097,1.44845,4.76779,5.23207,1.43735,4.76779,8.13903,-1.46961,5.53424,8.12793,-1.45851,5.53424,5.22097,1.44845,5.53424,5.23207,1.43735,5.53424,8.13903,-1.09623,5.53424,7.75739,-1.08797,5.53424,5.59435,1.07506,5.53424,5.60261,1.06681,5.53424,7.76564,-1.09623,4.74161,7.75739,-1.08797,4.74161,5.59435,1.07506,4.74161,5.60261,1.06681,4.74161,7.76564]
}